Domain,#,Kingdom,#,Phylum,#,Class,#,Order,#,Family,#
Viruses,2501,Duplodnaviria,1163,Heunggongvirae,1163,Caudoviricetes,1140,Uroviricota,1140,Norzivirales,271
Bacteria,1920,Riboviria,993,Orthornavirae,956,Leviviricetes,425,Lenarviricota,443,nan,179
Archaea,142,Pseudomonadota,762,Gammaproteobacteria,310,Haploviricotina,142,Negarnaviricota,211,Timlovirales,147
Eukaryota,70,Bacillota,324,Alphaproteobacteria,288,Pisoniviricetes,139,Pisuviricota,176,Monjiviricetes,139
,,Actinomycetota,246,Actinomycetes,210,nan,102,Kitrinoviricota,92,Autographiviridae,115
,,Monodnaviria,185,Betaproteobacteria,161,Polyploviricotina,69,Micrococcales,91,Picornavirales,90
,,Bacteroidota,183,Shotokuvirae,146,Flavobacteriaceae,65,Bacillales,90,Ellioviricetes,60
,,Euryarchaeota,93,Clostridia,144,Alsuviricetes,65,Cossaviricota,90,Zurhausenvirales,53
,,Varidnaviria,65,Bacilli,136,Papovaviricetes,60,Hyphomicrobiales,89,Schitoviridae,48
,,Cyanobacteriota,63,Flavobacteriia,87,Bacillaceae,52,Flavobacteriales,87,Kyanoviridae,46
,,Thermodesulfobacteriota,53,Stenosarchaea group,74,Enterobacteriaceae,43,Burkholderiales,86,Peduoviridae,45
,,Planctomycetota,52,Cyanophyceae,63,Paracoccaceae,42,Enterobacterales,80,Nidovirales,43
,,Fungi,51,Bamfordvirae,62,Microbacteriaceae,34,Rhodobacterales,73,Straboviridae,35
,,Thermoproteota,25,Dikarya,50,Arfiviricetes,33,Eubacteriales,68,Herelleviridae,34
,,Anelloviridae,22,Planctomycetia,43,Roseobacteraceae,31,Halobacteria,56,Tubulavirales,29
,,Spirochaetota,19,Cytophagia,38,Revtraviricetes,30,Cressdnaviricota,56,Piccovirales,29
,,Mycoplasmatota,19,Bacteroidia,31,Faserviricetes,29,Rhodospirillales,48,Tymovirales,28
,,Campylobacterota,19,Pararnavirae,30,Quintoviricetes,29,Lactobacillales,46,Martellivirales,28
,,Alphasatellitidae,18,Loebvirae,29,Halobacteriales,28,Ascomycota,42,Drexlerviridae,25
,,Verrucomicrobiota,17,Thermoprotei,25,Lactobacillaceae,28,Nucleocytoviricota,41,Ortervirales,25
,,Myxococcota,17,Coriobacteriia,21,Acetobacteraceae,27,nan,39,Casjensviridae,24
,,Acidobacteriota,14,Spirochaetia,19,Lachnospiraceae,27,Cytophagales,38,Geplafuvirales,23
,,Chloroflexota,13,Epsilonproteobacteria,18,Repensiviricetes,23,Oceanospirillales,33,Herpesvirales,23
,,Adnaviria,13,Tissierellia,16,Herviviricetes,23,Sphingomonadales,32,Saccharomycetes,22
,,Thermotogota,12,Chitinophagia,16,Oscillospiraceae,22,Lachnospirales,31,Chitovirales,21
,,Sar,11,Desulfovibrionia,15,Comamonadaceae,22,Neisseriales,30,Durnavirales,20
,,Naldaviricetes,11,Erysipelotrichia,14,Saccharomycotina,22,Artverviricota,30,Tolivirales,19
,,Nitrososphaerota,10,Zilligvirae,13,Pokkesviricetes,22,Hofneiviricota,29,Haloarculaceae,17
,,Synergistota,10,Thermotogae,12,Duplopiviricetes,20,Chromatiales,27,Natrialbaceae,15
,,Aquificota,9,Mollicutes,12,Pezizomycotina,19,Alteromonadales,27,Reovirales,15
,,Candidatus Thermoplasmatota,8,Methanomada group,11,Megaviricetes,19,Duplornaviricota,27,Demerecviridae,13
,,Chlamydiota,8,Negativicutes,11,Tolucaviricetes,19,Nitrosomonadales,26,Sordariomycetes,12
,,Fusobacteriota,8,Synergistia,10,Sphingomonadaceae,17,Bacteroidales,26,Patatavirales,12
,,Bdellovibrionota,8,Lefavirales,10,Micrococcaceae,17,Peploviricota,23,Salasmaviridae,12
,,Deinococcota,7,Terriglobia,9,Pasteurellaceae,16,Propionibacteriales,22,Bclasvirinae,12
,,Deferribacterota,6,Aquificae,9,Pseudonocardiaceae,16,Preplasmiviricota,21,Ourlivirales,12
,,Chlorobiota,5,Myxococcia,9,Chitinophagaceae,16,Oscillatoriophycideae,19,Ghabrivirales,11
,,Pospiviroidae,5,Desulfuromonadia,9,Tectiliviricetes,16,Pirellulales,19,Ligamenvirales,11
,,Candidatus Saccharibacteria,4,Desulfobacteria,9,Natrialbales,15,Methanomicrobia,18,Arquatrovirinae,11
,,Deltaproteobacteria,4,Opitutae,8,Alcaligenaceae,15,Mycobacteriales,17,Ackermannviridae,10
,,Nitrospirota,4,Chlamydiia,8,Resentoviricetes,15,Nostocales,17,Cremevirales,10
,,Armatimonadota,3,Polyangia,8,Sphaerotilaceae,14,Peptostreptococcales,17,Hendrixvirinae,9
,,Rhodothermota,3,Fusobacteriia,8,Neisseriaceae,14,Cellvibrionales,17,Cirlivirales,9
,,Cryptophyceae,3,Desulfobulbia,8,Actinomycetaceae,14,Xanthomonadales,17,Insthoviricetes,9
,,Ribozyviria,3,Alveolata,8,Stelpaviricetes,14,Pasteurellales,16,Hepelivirales,9
,,Avsunviroidae,3,Thermoplasmata,7,Haloferacales,13,Pseudonocardiales,16,Pimascovirales,9
,,Candidatus Micrarchaeota,2,Sphingobacteriia,7,Weeksellaceae,13,Chitinophagales,16,Crassvirales,9
,,Ignavibacteriota,2,Phycisphaerae,7,Burkholderiaceae,13,Spirochaetales,15,Weiservirinae,8
,,Kiritimatiellota,2,Deinococci,7,Rhizobiaceae,13,Desulfovibrionales,15,Zobellviridae,8
,,Elusimicrobiota,2,Sangervirae,7,Oxalobacteraceae,13,Erysipelotrichales,14,Vilmaviridae,8
,,Gemmatimonadota,2,Geminialphasatellitinae,7,Planctomycetaceae,13,Actinomycetales,14,Zierdtviridae,8
,,Thermomicrobiota,2,Nitrososphaeria,6,Alteromonadaceae,13,Rhodocyclales,14,Chaseviridae,8
,,Candidatus Dependentiae,2,Deferribacteres,6,Tokiviricetes,13,Tissierellales,14,Thumleimavirales,8
,,Discoba,2,Mycoplasmoidales,6,Oceanospirillaceae,12,Campylobacterales,14,Halorubraceae,7
,,Metamonada,2,Thermoleophilia,6,Chromatiaceae,12,Planctomycetales,13,Petitvirales,7
,,Polydnaviriformidae,2,Verrucomicrobiae,6,Micromonosporaceae,12,Thiotrichales,13,Sepolyvirales,7
,,Tolecusatellitidae,2,Nanoalphasatellitinae,6,Pirellulaceae,12,Rickettsiales,13,Mesyanzhinovviridae,7
,,Fuselloviridae,2,Chlorobiia,5,Propionibacteriaceae,12,Taleaviricota,13,Kirjokansivirales,7
,,Candidatus Nanohaloarchaeota,1,Thermodesulfobacteria,5,Desulfovibrionaceae,12,Micromonosporales,12,Haloferacaceae,6
,,Nanoarchaeota,1,Acidimicrobiia,5,Miaviricetes,12,Pseudomonadales,11,Methanosarcinaceae,6
,,Asgard group,1,Petromoalphasatellitinae,5,Erythrobacteraceae,11,Methylococcales,11,Methanomicrobiaceae,6
,,Candidatus Korarchaeota,1,Archaeoglobi,3,Chroococcales,11,Eggerthellales,11,Rhizobium/Agrobacterium group,6
,,Nitrospinae/Tectomicrobia group,1,nan,3,Eggerthellaceae,11,Synergistales,10,Algavirales,6
,,Dictyoglomota,1,Thermococci,3,Phyllobacteriaceae,11,Coriobacteriales,10,Sobelivirales,6
,,Balneolota,1,Saprospiria,3,Chrymotiviricetes,11,Desulfurococcales,9,Rowavirales,6
,,Lentisphaerota,1,Rhodothermia,3,Methanomicrobiales,10,Thermoanaerobacterales,9,Vequintavirinae,6
,,Thermodesulfobiota,1,Bradymonadales,3,Halomonadaceae,10,Myxococcales,9,Pclasvirinae,6
,,Calditrichota,1,Nitriliruptoria,3,Methylococcaceae,10,Desulfobacterales,9,Rountreeviridae,6
,,Candidatus Omnitrophota,1,Anaerolineae,3,Clostridiaceae,10,Streptosporangiales,9,Ruthgordonvirinae,6
,,Candidatus Bipolaricaulota,1,Oligoflexia,3,Cystobacterineae,9,Terriglobales,8,Gracegardnervirinae,6
,,Candidatus Chazhemtobacteraceae,1,Holophagae,3,Erysipelotrichaceae,9,Vibrionales,8,Halobacteriaceae,5
,,Candidatus Absconditabacteria,1,Bdellovibrionia,3,Yersiniaceae,9,Fusobacteriales,8,Telluria group,5
,,Atribacterota,1,Kolmioviridae,3,Xanthomonadaceae,9,Desulfobulbales,8,Blubervirales,5
,,Coprothermobacterota,1,Trapavirae,3,Acidobacteriaceae,8,Basidiomycota,8,Kalamavirales,5
,,Candidatus Cloacimonadota,1,Helvetiavirae,3,Ectothiorhodospiraceae,8,Sulfolobales,7,Stanwilliamsviridae,5
,,Caldisericota/Cryosericota group,1,Chloroflexia,2,Spirosomataceae,8,Halanaerobiales,7,Cryppavirales,5
,,Fibrobacterota,1,Ignavibacteria,2,Peptostreptococcaceae,8,Aquificales,7,Gclasvirinae,5
,,Chrysiogenota,1,Syntrophobacteria,2,Oscillatoriales,8,Kitasatosporales,7,Amarillovirales,5
,,Amoebozoa,1,Candidatus Saccharimonadia,2,Piscirickettsiaceae,8,Sphingobacteriales,7,Methanobacteriaceae,4
,,Guttaviridae,1,Gemmatimonadetes,2,Vibrionaceae,8,Aeromonadales,7,Roseateles,4
,,Spiraviridae,1,Nitrospiria,2,Thermoanaerobacteraceae,8,Apicomplexa,7,Aphanothecaceae,4
,,Pandoravirus,1,Dehalococcoidia,2,Planococcaceae,8,Phixviricota,7,Archangiaceae,4
,,Pithoviruses,1,Thermomicrobia,2,Atopobiaceae,8,Gemmatales,6,Coccidia,4
,,Ovaliviridae,1,Candidatus Babeliae,2,Pseudomonadaceae,8,Synechococcales,6,Dolichocephalovirinae,4
,,Portogloboviridae,1,Thermodesulfovibrionia,2,Cellvibrionaceae,8,Deferribacterales,6,Queuovirinae,4
,,Thaspiviridae,1,Bacteriovoracia,2,Erwiniaceae,8,Parachlamydiales,6,Ounavirinae,4
,,Halspiviridae,1,Stramenopiles,2,Chitinibacteraceae,8,Polyangiales,6,Gochnauervirinae,4
,,Globuloviridae,1,Cryptomonadales,2,Rhodanobacteraceae,8,Holosporales,6,Imitervirales,4
,,Ampullaviridae,1,Euglenozoa,2,Nocardioidaceae,8,Selenomonadales,6,Tybeckvirinae,4
,,Bicaudaviridae,1,Nitrosotenuis,1,Sulfolobaceae,7,Acholeplasmatales,6,Guelinviridae,4
,,Plasmaviridae,1,Conexivisphaeria,1,Peptoniphilaceae,7,Methanobacteria,5,Rohanvirales,4
,,Dinodnavirus,1,Nitrosotalea,1,Streptomycetaceae,7,Methanococci,5,Baphyvirales,4
,,Clavaviridae,1,Candidatus Mancarchaeum,1,Sphingobacteriaceae,7,Petrotogales,5,Zymobacter group,3
,,,,Candidatus Micrarchaeia,1,Peptococcaceae,7,Chlorobiales,5,Oscillatoriaceae,3
,,,,Candidatus Nanohalobia,1,Morganellaceae,7,Opitutales,5,Microcoleaceae,3
,,,,Nanobdellia,1,Xanthobacteraceae,7,Leptolyngbyales,5,Chryseobacterium group,3
,,,,Candidatus Lokiarchaeota,1,Malgrandaviricetes,7,Isosphaerales,5,Myxococcaceae,3
,,,,Candidatus Methanoliparia,1,Desulfurococcaceae,6,Thermodesulfobacteriales,5,Rickettsieae,3
,,,,Methanonatronarchaeia,1,Methanosarcinales,6,Caulobacterales,5,Dothideomycetes,3
,,,,DHVE2 group,1,Cyclobacteriaceae,6,Marinilabiliales,5,Agaricomycetes,3
,,,,Korarchaeum,1,Hyphomicrobiaceae,6,Thermales,5,Eurotiomycetes,3
,,,,Fimbriimonadia,1,Nitrobacteraceae,6,Geobacterales,5,Nodamuvirales,3
,,,,Acidithiobacillia,1,Gemmataceae,6,Verrucomicrobiales,5,Guernseyvirinae,3
,,,,Kiritimatiellia,1,Thermoactinomycetaceae,6,Legionellales,5,Sepvirinae,3
,,,,Nitrospinota,1,Zoogloeaceae,6,Cardiobacteriales,5,Nymbaxtervirinae,3
,,,,Caldilineae,1,Nostocaceae,6,Acidimicrobiales,5,Duneviridae,3
,,,,Dictyoglomia,1,Gallionellaceae,6,Birnaviridae,5,Langleyhallvirinae,3
,,,,Endomicrobiia,1,Staphylococcaceae,6,Thermoproteales,4,Azeevirinae,3
,,,,Balneolia,1,Spirochaetaceae,6,Thermoplasmatales,4,Haloruvirales,3
,,,,Limnochordia,1,Lacipirellulaceae,6,Nautiliales,4,Deejayvirinae,3
,,,,Candidatus Desulfofervidia,1,Paenibacillaceae,6,Maricaulales,4,Halopanivirales,3
,,,,Lentisphaeria,1,Carnobacteriaceae,6,Desulfuromonadales,4,Beephvirinae,3
,,,,Thermobaculum,1,Sterolibacteriaceae,6,Thermotogales,4,Pachyviridae,3
,,,,Spartobacteria,1,Methylophilaceae,6,Solirubrobacterales,4,Orlajensenviridae,3
,,,,Candidatus Brocadiia,1,Intrasporangiaceae,6,Entomoplasmatales,4,Assiduviridae,3
,,,,Dissulfurimicrobium,1,Aeromonadaceae,6,Bifidobacteriales,4,Rivendellvirales,3
,,,,Ardenticatenia,1,Acholeplasmataceae,6,Moraxellales,4,Gordonclarkvirinae,3
,,,,Thermodesulfobiia,1,Methanobacteriales,5,Baculoviridae,4,Methanococcaceae,2
,,,,Vicinamibacteria,1,Methanococcales,5,Nudiviridae,4,Halococcaceae,2
,,,,Ndongobacter,1,Petrotogaceae,5,Archaeoglobales,3,Methanocaldococcaceae,2
,,,,Calditrichia,1,Mycobacteriaceae,5,Methanomassiliicoccales,3,Haladaptataceae,2
,,,,Zetaproteobacteria,1,Opitutaceae,5,Nitrosopumilales,3,Natronoarchaeaceae,2
,,,,Velamenicoccus,1,Pectobacteriaceae,5,Thermococcales,3,Methanoregulaceae,2
,,,,Bipolaricaulis,1,Rhodospirillaceae,5,Saprospirales,3,ant endosymbionts,2
,,,,Armatimonadia,1,Aphanizomenonaceae,5,Frankiales,3,Sinorhizobium/Ensifer group,2
,,,,Desulfomonilia,1,Chromobacteriaceae,5,Orbales,3,Chlorobium/Pelodictyon group,2
,,,,Ktedonobacteria,1,Cellulomonadaceae,5,Mycoplasmoidaceae,3,Erythrobacter/Porphyrobacter group,2
,,,,Candidatus Uabimicrobiia,1,Stappiaceae,5,Geodermatophilales,3,Chroococcaceae,2
,,,,Tepidiformia,1,Dermacoccaceae,5,Rhodothermales,3,Klebsiella/Raoultella group,2
,,,,Candidatus Mycosynbacter,1,Isosphaeraceae,5,Moorellales,3,Pseudooceanicola,2
,,,,Tichowtungiia,1,Aerococcaceae,5,Parvularculales,3,Ancylobacter,2
,,,,Candidatus Thermofonsia,1,Devosiaceae,5,Acidiferrobacterales,3,Limnobaculum,2
,,,,Chazhemtobacterium,1,Cytophagaceae,5,Anaerolineales,3,Alteromonas/Salinimonas group,2
,,,,Candidatus Absconditabacterales,1,Hymenobacteraceae,5,Hyphomonadales,3,Pantoea,2
,,,,Candidatus Izimaplasma,1,Caulobacteraceae,5,Sedimentisphaerales,3,Luna cluster,2
,,,,Methylacidimicrobium,1,Leptotrichiaceae,5,Silvanigrellales,3,Piscinibacter,2
,,,,Candidatus Minimicrobia,1,Azospirillaceae,5,Emcibacterales,3,Geminocystaceae,2
,,,,Atribacteria,1,Prevotellaceae,5,Metamycoplasmataceae,3,Nocardioides,2
,,,,Candidatus Sulfidibacteriales,1,Colwelliaceae,5,Nevskiales,3,Halothecacae,2
,,,,Hydrogenophilia,1,Arcobacteraceae,5,Thermosediminibacterales,3,Ustilaginomycetes,2
,,,,Syntrophia,1,Thermaceae,5,Phycisphaerales,3,Trypanosomatida,2
,,,,Dethiobacteria,1,Geobacteraceae,5,Veillonellales,3,Piroplasmida,2
,,,,Coprothermobacteria,1,Halieaceae,5,Puniceicoccales,3,Azeredovirinae,2
,,,,Elusimicrobia,1,Anaplasmataceae,5,Bdellovibrionales,3,Eucampyvirinae,2
,,,,Desulfarculia,1,Howeltoviricetes,5,Saleviricota,3,Stellavirales,2
,,,,Chthonomonadetes,1,Flasuviricetes,5,Dividoviricota,3,Mulpavirales,2
,,,,Candidatus Cloacimonadia,1,Thermoproteaceae,4,Nitrososphaerales,2,Priklausovirales,2
,,,,Blastocatellia,1,Coprobacillaceae,4,Thermofilales,2,Kantovirinae,2
,,,,Rubrobacteria,1,Chlorobiaceae,4,Acidilobales,2,Ceeclamvirinae,2
,,,,Methylacidiphilae,1,Leptolyngbyaceae,4,Pleurocapsales,2,Dclasvirinae,2
,,,,Desulfobaccia,1,Thermodesulfobacteriaceae,4,Chloroflexales,2,Mccleskeyvirinae,2
,,,,Caldisericota,1,Aquificaceae,4,Ignavibacteriales,2,Gorgonvirinae,2
,,,,Fibrobacteria,1,Maricaulaceae,4,Gomontiellales,2,Bronfenbrennervirinae,2
,,,,Desulfurellia,1,Parvibaculaceae,4,Kosmotogales,2,Stephanstirmvirinae,2
,,,,Chrysiogenetes,1,Rhodocyclaceae,4,Syntrophobacterales,2,Methanobavirales,2
,,,,Rhizaria,1,Aurantimonadaceae,4,Acaryochloridales,2,Orthopolintovirales,2
,,,,Evosea,1,Budviciaceae,4,Bradymonadaceae,2,Primavirales,2
,,,,Pyrenomonadales,1,Polyangiaceae,4,Leptospirales,2,Skryabinvirinae,2
,,,,Parabasalia,1,Alicyclobacillaceae,4,Gemmatimonadales,2,Gutmannvirinae,2
,,,,Diplomonadida,1,Beijerinckiaceae,4,Nitrospirales,2,Winoviridae,2
,,,,Fungi incertae sedis,1,Rickettsiaceae,4,Candidatus Nanopelagicales,2,Trabyvirinae,2
,,,,Betaguttavirus,1,Bifidobacteriaceae,4,Candidatus Pelagibacterales,2,Eekayvirinae,2
,,,,Ichnoviriform,1,Moraxellaceae,4,Candidatus Babeliales,2,Vertoviridae,2
,,,,Alphaspiravirus,1,Nocardiopsaceae,4,Mycoplasmataceae,2,Autolykiviridae,2
,,,,Pospiviroid,1,Holosporaceae,4,Kordiimonadales,2,Yadokariviridae,2
,,,,Hostuviroid,1,Desulfocapsaceae,4,Desulfurobacteriales,2,Andrewesvirinae,2
,,,,Avsunviroid,1,Verrucomicrobiaceae,4,Chlamydiales,2,Saparoviridae,2
,,,,Coleviroid,1,Desulfobulbaceae,4,Thermodesulfovibrionales,2,Aliceevansviridae,2
,,,,Pithovirus,1,Enterococcaceae,4,Natranaerobiales,2,Sulfurisphaera,1
,,,,Negevirus,1,Desulfitobacteriaceae,4,Glycomycetales,2,Geoglobus,1
,,,,Aumaivirus,1,Agaricomycotina,4,Gloeobacterales,2,Thermogladius,1
,,,,Papanivirus,1,Conoidasida,4,Acidaminococcales,2,Pyrodictium,1
,,,,Sarthroviridae,1,Archaeoglobaceae,3,sulfur-oxidizing symbionts,2,Methanomethylophilus,1
,,,,Virtovirus,1,Pyrodictiaceae,3,Bacteriovoracales,2,Sulfuracidifex,1
,,,,Albetovirus,1,Nitrosopumilaceae,3,Ochrophyta,2,Nitrosocosmicus,1
,,,,Deltasatellite,1,Thermococcaceae,3,Kinetoplastea,2,Pyrobaculum,1
,,,,Alphaovalivirus,1,Dermatophilaceae,3,Hytrosaviridae,2,Methanomassiliicoccus,1
,,,,Alphaportoglobovirus,1,Nocardiaceae,3,Conexivisphaerales,1,Infirmifilum,1
,,,,Elaviroid,1,Frankiaceae,3,Candidatus Nitrosocaldales,1,Methanoplasma,1
,,,,Alphafusellovirus,1,Orbaceae,3,Candidatus Micrarchaeales,1,Ignicoccus,1
,,,,Nutorquevirus,1,Synergistaceae,3,Methanopyri,1,Vulcanisaeta,1
,,,,Polymycoviridae,1,Prochlorococcaceae,3,Candidatus Nanohalobiales,1,Sulfodiicoccus,1
,,,,Nitmarvirus,1,Alcanivoracaceae,3,Nanobdellales,1,Cuniculiplasma,1
,,,,Salterprovirus,1,Streptococcaceae,3,Candidatus Lokiarchaeia,1,Thermoproteus,1
,,,,Globulovirus,1,Saccharospirillaceae,3,Candidatus Methanoliparales,1,Conexivisphaera,1
,,,,Bottigliavirus,1,Parachlamydiaceae,3,Methanonatronarchaeales,1,Nitrosomarinus,1
,,,,Gyrovirus,1,Azonexaceae,3,Aciduliprofundum,1,Caldisphaera,1
,,,,Zetatorquevirus,1,Geodermatophilaceae,3,Fervidicoccales,1,Candidatus Nitrosocaldus,1
,,,,Gammatorquevirus,1,Promicromonosporaceae,3,Fimbriimonadales,1,Methanothermaceae,1
,,,,Betatorquevirus,1,Catalimonadaceae,3,Steffania,1,Methanospirillaceae,1
,,,,Iotatorquevirus,1,Methylocystaceae,3,Magnetococcales,1,Methanotrichaceae,1
,,,,Kappatorquevirus,1,Spongiibacteraceae,3,Nasuia,1,Nitrosarchaeum,1
,,,,Epsilontorquevirus,1,Breznakiellaceae,3,Geitlerinematales,1,Thermofilum,1
,,,,Deltatorquevirus,1,Parvularculaceae,3,Gloeomargaritales,1,Desulfurococcus,1
,,,,Alphatorquevirus,1,Acidiferrobacteraceae,3,Nodosilineales,1,Staphylothermus,1
,,,,Aleptorquevirus,1,Dermabacteraceae,3,Acidithiobacillales,1,Candidatus Micrarchaeum,1
,,,,Chitorquevirus,1,Dysgonomonadaceae,3,Kiritimatiellales,1,Saccharolobus,1
,,,,Etatorquevirus,1,Pseudoalteromonadaceae,3,Kineosporiales,1,Methanopyraceae,1
,,,,Lambdatorquevirus,1,Fusobacteriaceae,3,Nitrospinia,1,Acidilobus,1
,,,,Mutorquevirus,1,Anaerolineaceae,3,Candidatus Saccharimonadales,1,Candidatus Nanohalobium,1
,,,,Omegatorquevirus,1,Aquaspirillaceae,3,Caldilineales,1,Nanobdella,1
,,,,Rhotorquevirus,1,Hyphomonadaceae,3,Dictyoglomales,1,Candidatus Prometheoarchaeaceae,1
,,,,Sigmatorquevirus,1,Anaerovoracaceae,3,Endomicrobiales,1,Methanofervidicoccus,1
,,,,Tettorquevirus,1,Acutalibacteraceae,3,Candidatus Pseudothioglobus,1,Candidatus Methanoliparum,1
,,,,Thetatorquevirus,1,Muribaculaceae,3,Mesoaciditogales,1,Methanonatronarchaeum,1
,,,,Wawtorquevirus,1,Sutterellaceae,3,Balneolales,1,Thermococcus,1
,,,,Xitorquevirus,1,Candidatus Midichloriaceae,3,Bryobacterales,1,Nitrosopumilus,1
,,,,Bicaudavirus,1,Hafniaceae,3,Sedimenticola,1,Stygiolobus,1
,,,,Nimaviridae,1,Methylobacteriaceae,3,Woeseiales,1,Sulfolobus,1
,,,,Cocadviroid,1,Silvanigrellaceae,3,Limnochordales,1,Picrophilus,1
,,,,Bracoviriform,1,Sporomusaceae,3,Euzebyales,1,Nitrososphaera,1
,,,,Betasatellite,1,Streptosporangiaceae,3,Candidatus Desulfofervidales,1,Thermoplasma,1
,,,,Plasmavirus,1,Emcibacteraceae,3,Lentisphaerales,1,Pyrococcus,1
,,,,Apscaviroid,1,Desulfobacteraceae,3,Egicoccales,1,Hyperthermus,1
,,,,Pelamoviroid,1,Syntrophomonadaceae,3,Egibacterales,1,Pyrolobus,1
,,,,Betafusellovirus,1,Nevskiaceae,3,Xiphinematobacter,1,Thermosphaera,1
,,,,Clavavirus,1,Halanaerobiaceae,3,Candidatus Thioglobus,1,Ferroglobus,1
,,,,,,Phycisphaeraceae,3,Geminicoccales,1,Acidianus,1
,,,,,,Coxiellaceae,3,Candidatus Brocadiales,1,Aeropyrum,1
,,,,,,Veillonellaceae,3,Candidatus Promineifilales,1,Methanocellaceae,1
,,,,,,Sulfuricellaceae,3,Immundisolibacterales,1,Fervidicoccus,1
,,,,,,Cardiobacteriaceae,3,Dehalogenimonas,1,Caldivirga,1
,,,,,,Sphingosinicellaceae,3,Thermodesulfobiales,1,Methanocorpusculaceae,1
,,,,,,Iamiaceae,3,Ezakiella,1,Archaeoglobus,1
,,,,,,Eubacteriaceae,3,Vicinamibacterales,1,Palaeococcus,1
,,,,,,Pseudobdellovibrionaceae,3,Baumannia,1,Ferroplasma,1
,,,,,,Selenomonadaceae,3,Calditrichales,1,Austwickia,1
,,,,,,Ustilaginomycotina,3,Sporichthyales,1,Occallatibacter,1
,,,,,,Aconoidasida,3,Mariprofundales,1,Fimbriimonas,1
,,,,,,Magsaviricetes,3,Holophagales,1,Marivirga,1
,,,,,,Huolimaviricetes,3,Thiohalomonadales,1,Defluviitoga,1
,,,,,,Laserviricetes,3,Nardonella,1,Chloroherpeton,1
,,,,,,Nitrososphaeraceae,2,Monoglobales,1,Saprospira,1
,,,,,,Methanomassiliicoccaceae,2,Jatrophihabitantales,1,Catenibacterium,1
,,,,,,Thermofilaceae,2,Sphaerobacterales,1,Aequorivita,1
,,,,,,Saprospiraceae,2,Candidatus Nanosynbacterales,1,Weeksella,1
,,,,,,Sedimenticolaceae,2,Salinisphaerales,1,Capnocytophaga,1
,,,,,,Sphaerochaetaceae,2,Capsulimonadales,1,Stanieria,1
,,,,,,Scytonemataceae,2,Gallaecimonas,1,Desulfoscipio,1
,,,,,,Geovibrionaceae,2,Candidatus Kinetoplastibacterium,1,Endozoicomonas,1
,,,,,,Kosmotogaceae,2,Desulfomonilales,1,Neptunomonas,1
,,,,,,Vallitaleaceae,2,Ktedonobacterales,1,Otariodibacter,1
,,,,,,Syntrophobacteraceae,2,Casimicrobiaceae,1,Thioalkalivibrio,1
,,,,,,Nitrosomonadaceae,2,Candidatus Uabimicrobiales,1,Saccharothrix,1
,,,,,,Tepidimicrobiaceae,2,Microvenatoraceae,1,Rhodococcus,1
,,,,,,Thalassospiraceae,2,Tepidiformales,1,Cyclobacterium,1
,,,,,,Borreliaceae,2,Kangiellales,1,Moranella,1
,,,,,,Nautiliaceae,2,Candidatus Azoamicaceae,1,Allochromatium,1
,,,,,,Filifactoraceae,2,Tichowtungiales,1,Limosilactobacillus,1
,,,,,,Sulfurimonadaceae,2,Phototrophicales,1,Thermochromatium,1
,,,,,,Barnesiellaceae,2,Candidatus Absconditicoccaceae,1,Ralstonia,1
,,,,,,Moorellaceae,2,Reidiella,1,Halorhodospira,1
,,,,,,Treponemataceae,2,Koleobacterales,1,Cobetia,1
,,,,,,Tissierellaceae,2,Candidatus Izemoplasmatales,1,Methylibium,1
,,,,,,Desulfuromonadaceae,2,Acidothermales,1,Morococcus,1
,,,,,,Listeriaceae,2,Tepidisphaerales,1,Runella,1
,,,,,,Leptospiraceae,2,Sedimentibacter,1,Rhodobacter,1
,,,,,,Natronincolaceae,2,Acanthopleuribacterales,1,Cereibacter,1
,,,,,,Gemmatimonadaceae,2,Brevinematales,1,Frankia,1
,,,,,,Ornithinimicrobiaceae,2,Miltoncostaeales,1,Rhodomicrobium,1
,,,,,,Thermotogaceae,2,Atribacterales,1,Mycolicibacillus,1
,,,,,,Nitrospiraceae,2,Candidatus Sulfidibacterium,1,Gullanella,1
,,,,,,Granulosicoccaceae,2,Oculatellales,1,Companilactobacillus,1
,,,,,,Sedimentisphaeraceae,2,Coleofasciculales,1,Fuscovulum,1
,,,,,,Candidatus Nanopelagicaceae,2,Candidatus Comchoanobacterales,1,Rhodopseudomonas,1
,,,,,,Thiobacillaceae,2,Sneathiellales,1,Thiolapillus,1
,,,,,,Crocinitomicaceae,2,Thermoleophilales,1,Opitutus,1
,,,,,,Shewanellaceae,2,Hydrogenophilales,1,Blastochloris,1
,,,,,,Thermomonosporaceae,2,Limisphaerales,1,Schneideria,1
,,,,,,Gordoniaceae,2,Nannocystales,1,Lonsdalea,1
,,,,,,Sulfurovaceae,2,Minwuiales,1,Pararhodospirillum,1
,,,,,,Odoribacteraceae,2,Catenulisporales,1,Persicobacter,1
,,,,,,Entomoplasmataceae,2,Deinococcales,1,Anabaenopsis,1
,,,,,,Beutenbergiaceae,2,Syntrophales,1,Bisgaardia,1
,,,,,,Desulfurobacteriaceae,2,Thermostichales,1,Chlorobaculum,1
,,,,,,Tepidanaerobacteraceae,2,Trueperales,1,Prosthecochloris,1
,,,,,,Fulvivirgaceae,2,Dethiobacterales,1,Mycolicibacterium,1
,,,,,,Fervidobacteriaceae,2,Coprothermobacterales,1,Chloroflexaceae,1
,,,,,,Amoebophilaceae,2,Celerinatantimonadaceae,1,Chromobacterium,1
,,,,,,Flammeovirgaceae,2,Actinopolysporales,1,Brenneria,1
,,,,,,Owenweeksiaceae,2,Ferrovales,1,Actinomyces,1
,,,,,,Rhodothermaceae,2,Jiangellales,1,Allomuricauda,1
,,,,,,Ruaniaceae,2,Elusimicrobiales,1,Romboutsia,1
,,,,,,Chlamydiaceae,2,Caldicellulosiruptorales,1,Cruoricaptor,1
,,,,,,Prolixibacteraceae,2,Desulfarculales,1,Defluviicoccus,1
,,,,,,Sporolactobacillaceae,2,Chthonomonadales,1,Magnetococcus,1
,,,,,,Nitratiruptoraceae,2,Candidatus Cloacimonadales,1,Polycladomyces,1
,,,,,,Symbiobacteriaceae,2,Chloracidobacterium,1,Microcystaceae,1
,,,,,,Thiotrichaceae,2,Steroidobacterales,1,Sphaerochaeta,1
,,,,,,Glycomycetaceae,2,Rubrobacterales,1,Melioribacter,1
,,,,,,Tannerellaceae,2,Thermomicrobiales,1,Thauera,1
,,,,,,Halobacteroidaceae,2,Methylacidiphilales,1,Scytonema,1
,,,,,,Brucellaceae,2,Nakamurellales,1,Lentilactobacillus,1
,,,,,,Bacteroidaceae,2,Chroococcidiopsidales,1,Lysinibacillus,1
,,,,,,Ignatzschineriaceae,2,Thiohalobacterales,1,Synechocystis,1
,,,,,,Synechococcaceae,2,Desulfobaccales,1,Pontimonas,1
,,,,,,Marinilabiliaceae,2,Dehalococcoidales,1,Caloranaerobacter,1
,,,,,,Desulfomicrobiaceae,2,Christensenellales,1,Naasia,1
,,,,,,Porphyromonadaceae,2,Profftella,1,Trichormus,1
,,,,,,Hydrogenothermaceae,2,Caldisericia,1,Anabaena,1
,,,,,,Helicobacteraceae,2,Candidatus Puniceispirillales,1,Imtechella,1
,,,,,,Acidaminococcaceae,2,Haliangiales,1,Thiodictyon,1
,,,,,,Coriobacteriaceae,2,Pseudanabaenales,1,Galbibacter,1
,,,,,,Heliobacteriaceae,2,Fibrobacterales,1,Actinopolymorpha,1
,,,,,,Dethiosulfovibrionaceae,2,Brachyspirales,1,Sphingopyxis,1
,,,,,,Legionellaceae,2,Desulfurellales,1,Geitlerinema,1
,,,,,,Desulfococcaceae,2,Chrysiogenales,1,Chamaesiphon,1
,,,,,,Francisellaceae,2,Thermotomaculales,1,Vallotia,1
,,,,,,Aminobacteriaceae,2,Cercozoa,1,Komagataeibacter,1
,,,,,,Bacillariophyta,2,Cryptomonadaceae,1,Oerskovia,1
,,,,,,Metakinetoplastina,2,Eumycetozoa,1,Denitrovibrio,1
,,,,,,Maveriviricetes,2,Hemiselmidaceae,1,Pleurocapsa,1
,,,,,,Polintoviricetes,2,Geminigeraceae,1,Leptolyngbya group,1
,,,,,,Yadokarivirales,2,Trichomonadida,1,Mesotoga,1
,,,,,,Methanomethylophilaceae,1,Hexamitidae,1,Vallitalea,1
,,,,,,Cuniculiplasmataceae,1,Ciliophora,1,Gloeomargarita,1
,,,,,,Conexivisphaeraceae,1,Microsporidia,1,Ferriphaselus,1
,,,,,,Caldisphaeraceae,1,Deltavirus,1,Rubinisphaera,1
,,,,,,Candidatus Nitrosocaldaceae,1,Permutotetraviridae,1,Paucilactobacillus,1
,,,,,,Methanotrichales,1,Maize aumaivirus 1,1,Neobacillus,1
,,,,,,Candidatus Micrarchaeaceae,1,Botybirnavirus,1,Syntrophobacter,1
,,,,,,Methanopyrales,1,Panicum papanivirus 1,1,Snodgrassella,1
,,,,,,Acidilobaceae,1,Macronovirus,1,Gilliamella,1
,,,,,,Candidatus Nanohalobiaceae,1,Tobacco virtovirus 1,1,Cloacibacillus,1
,,,,,,Nanobdellaceae,1,Tobacco albetovirus 2,1,Marinomonas,1
,,,,,,Candidatus Prometheoarchaeales,1,Cocosatellite,1,Planctopirus,1
,,,,,,Candidatus Methanoliparaceae,1,Kobbarisatellite,1,Celeribacter,1
,,,,,,Methanonatronarchaeaceae,1,Coprasatellite,1,Halomicronema,1
,,,,,,Picrophilaceae,1,Sulfolobus alphaportoglobovirus 1,1,Roseiflexaceae,1
,,,,,,Thermoplasmataceae,1,Babusatellite,1,Gemmata,1
,,,,,,Methanocellales,1,Muscarsatellite,1,Pannonibacter,1
,,,,,,Fervidicoccaceae,1,Clostunsatellite,1,Octadecabacter,1
,,,,,,Ferroplasmaceae,1,Fabenesatellite,1,Kordia,1
,,,,,,Fimbriimonadaceae,1,Draflysatellite,1,Prochlorococcus,1
,,,,,,Marivirgaceae,1,Milvetsatellite,1,Fictibacillus,1
,,,,,,Chloroherpetonaceae,1,Torque teno seal virus 4,1,Sediminicoccus,1
,,,,,,Dermocarpellaceae,1,Whiflysatellite,1,Paludibacterium,1
,,,,,,Desulfallaceae,1,Polymycovirus,1,Nitrosococcus,1
,,,,,,Endozoicomonadaceae,1,Sophoyesatellite,1,Sphingomicrobium,1
,,,,,,Blastochloridaceae,1,Subclovsatellite,1,Salimicrobium,1
,,,,,,Persicobacteraceae,1,Nitmarvirus NSV1,1,Nitrosospira,1
,,,,,,Chloroflexineae,1,Salterprovirus His1,1,Acidithiobacillus,1
,,,,,,Magnetococcaceae,1,Bottigliavirus ABV,1,Piscirickettsia,1
,,,,,,Luteimicrobium,1,Daazvirus,1,Frederiksenia,1
,,,,,,Melioribacteraceae,1,Dobrovirus,1,Pseudohongiella,1
,,,,,,Merismopediaceae,1,Mivedwarsatellite,1,Bacterioplanes,1
,,,,,,Thermohalobacteraceae,1,Somasatellite,1,Pirellula,1
,,,,,,Actinopolymorphaceae,1,Gyrovirus chickenanemia,1,Salipiger,1
,,,,,,Geitlerinemataceae,1,Zetatorquevirus aotid1,1,Pediococcus,1
,,,,,,Chamaesiphonaceae,1,Gammatorquevirus homidi1,1,Finegoldia,1
,,,,,,Hyellaceae,1,Betatorquevirus homini9,1,Endolissoclinum,1
,,,,,,Gloeomargaritaceae,1,Iotatorquevirus suida1a,1,Ruminococcus,1
,,,,,,Nodosilineaceae,1,Kappatorquevirus suidak2a,1,Frischella,1
,,,,,,Roseiflexineae,1,Epsilontorquevirus calli1,1,Croceibacterium,1
,,,,,,Acidithiobacillaceae,1,Deltatorquevirus tupai1,1,Brevirhabdus,1
,,,,,,Pseudorhodoplanes,1,Alphatorquevirus homin1,1,Micrococcus,1
,,,,,,Pseudohongiellaceae,1,Aleptorquevirus lepor1,1,Dermacoccus,1
,,,,,,Kytococcaceae,1,Chitorquevirus indri1,1,Kytococcus,1
,,,,,,Aquabacterium,1,Etatorquevirus felid1,1,Keratinibaculum,1
,,,,,,Intestinimonas,1,Lambdatorquevirus phoci3,1,Isosphaera,1
,,,,,,Kiritimatiellaceae,1,Mutorquevirus equid1,1,Staphylococcus,1
,,,,,,Salinivirgaceae,1,Omegatorquevirus hominid1,1,Flaviflexus,1
,,,,,,Kineosporiaceae,1,Rhotorquevirus murid1,1,Magnetospira,1
,,,,,,Anoxybacter,1,Sigmatorquevirus otari1,1,Swingsia,1
,,,,,,Nitrospinales,1,Tettorquevirus felid6,1,Methylogaea,1
,,,,,,Thermoguttaceae,1,Thetatorquevirus canid1,1,Photobacterium,1
,,,,,,Candidatus Saccharimonadaceae,1,Wawtorquevirus crice2,1,Thermodesulfobacterium,1
,,,,,,Caldilineaceae,1,Xitorquevirus molos1,1,Mammaliicoccus,1
,,,,,,Ureaplasma,1,Whispovirus,1,Amycolatopsis,1
,,,,,,Idiomarinaceae,1,Clecrusatellite,1,Carboxydothermus,1
,,,,,,Labilitrichaceae,1,Gosmusatellite,1,Mesobacillus,1
,,,,,,Dictyoglomaceae,1,Ageyesisatellite,1,Annandia,1
,,,,,,Endomicrobiaceae,1,Colecusatellite,1,Planococcus,1
,,,,,,Oleiphilaceae,1,,,Bombilactobacillus,1
,,,,,,Candidatus Walczuchella,1,,,Isoalcanivorax,1
,,,,,,Thermotaleaceae,1,,,Streptococcus,1
,,,,,,Mesoaciditogaceae,1,,,Globicatella,1
,,,,,,Cyclonatronaceae,1,,,Salinispira,1
,,,,,,Thermosynechococcaceae,1,,,Kiritimatiella,1
,,,,,,Salinibacteraceae,1,,,Salinivirga,1
,,,,,,Bryobacteraceae,1,,,Kineococcus,1
,,,,,,Pleomorphomonadaceae,1,,,Nitrospinaceae,1
,,,,,,Caedimonadaceae,1,,,Thermogutta,1
,,,,,,Boseaceae,1,,,Saccharimonas,1
,,,,,,Lawsonellaceae,1,,,Variibacter,1
,,,,,,Turicibacteraceae,1,,,Pluralibacter,1
,,,,,,Woeseiaceae,1,,,Caldilinea,1
,,,,,,Bradymonas,1,,,Paradevosia,1
,,,,,,Novispirillaceae,1,,,Frigidibacter,1
,,,,,,Limnochordaceae,1,,,Spiribacter,1
,,,,,,Gottschalkiaceae,1,,,Gillisia,1
,,,,,,Acaryochloridaceae,1,,,Reinekea,1
,,,,,,Ichthyocystis,1,,,Leisingera,1
,,,,,,Desulfotomaculaceae,1,,,Olsenella,1
,,,,,,Wenzhouxiangellaceae,1,,,Croceicoccus,1
,,,,,,Hahellaceae,1,,,Neochlamydia,1
,,,,,,Eleftheria,1,,,Idiomarina,1
,,,,,,Candidatus Desulfofervidaceae,1,,,Richelia,1
,,,,,,Blattabacteriaceae,1,,,Lactococcus,1
,,,,,,Lentisphaeraceae,1,,,Dolichospermum,1
,,,,,,Caminicellaceae,1,,,Thermocrinis,1
,,,,,,Egicoccaceae,1,,,Leuconostoc,1
,,,,,,Egibacteraceae,1,,,Spirosoma,1
,,,,,,Chelatococcaceae,1,,,Rufibacter,1
,,,,,,Geminicoccaceae,1,,,Kroppenstedtia,1
,,,,,,Thermodesulfatatoraceae,1,,,aphid secondary symbionts,1
,,,,,,Marinifilaceae,1,,,Quatrionicoccus,1
,,,,,,Candidatus Brocadiaceae,1,,,Lancefieldella,1
,,,,,,Fluviibacteraceae,1,,,Blastococcus,1
,,,,,,Hapalosiphonaceae,1,,,Methyloceanibacter,1
,,,,,,Magnetovibrionaceae,1,,,Paludisphaera,1
,,,,,,Clostridiales Family XVI. Incertae Sedis,1,,,Vulgatibacteraceae,1
,,,,,,Cohaesibacteraceae,1,,,Labilithrix,1
,,,,,,Candidatus Promineifilaceae,1,,,Isoptericola,1
,,,,,,Immundisolibacteraceae,1,,,Geovibrio,1
,,,,,,Desulfosudaceae,1,,,Niallia,1
,,,,,,Abyssicoccaceae,1,,,Catalinimonas,1
,,,,,,Kribbellaceae,1,,,Brasilonema,1
,,,,,,Thermodesulfobiaceae,1,,,Heyndrickxia,1
,,,,,,Paludibacteraceae,1,,,Dictyoglomus,1
,,,,,,Vicinamibacteraceae,1,,,Bythopirellula,1
,,,,,,Thalassobaculaceae,1,,,Pseudosulfitobacter,1
,,,,,,Phreatobacteraceae,1,,,Bradyrhizobium,1
,,,,,,Calditrichaceae,1,,,Endomicrobium,1
,,,,,,Sporichthyaceae,1,,,Tachikawaea,1
,,,,,,Enhydrobacter,1,,,Pacificitalea,1
,,,,,,Syntrophotaleaceae,1,,,Evansella,1
,,,,,,Conexibacteraceae,1,,,Oleiphilus,1
,,,,,,Ketobacteraceae,1,,,Borrelia,1
,,,,,,Mariprofundaceae,1,,,Bacillus,1
,,,,,,Candidatus Pelagibacterales incertae sedis,1,,,Geosporobacter,1
,,,,,,Anaerohalosphaeraceae,1,,,Caminibacter,1
,,,,,,Holophagaceae,1,,,Parageobacillus,1
,,,,,,Campylobacteraceae,1,,,Cylindrospermum,1
,,,,,,Deferribacteraceae,1,,,Methylocaldum,1
,,,,,,Thiohalomonadaceae,1,,,Filifactor,1
,,,,,,Monoglobaceae,1,,,Glycocaulis,1
,,,,,,Candidatus Pelagibacteraceae,1,,,Actinacidiphila,1
,,,,,,Jatrophihabitantaceae,1,,,Chenggangzhangella,1
,,,,,,Tropherymataceae,1,,,Athalassotoga,1
,,,,,,Sphaerobacterineae,1,,,Vespertiliibacter,1
,,,,,,Tsukamurellaceae,1,,,Gynuella,1
,,,,,,Candidatus Chromulinivoraceae,1,,,Hymenobacter,1
,,,,,,Massilistercora,1,,,Youhaiella,1
,,,,,,Maliibacteriaceae,1,,,Amphibacillus,1
,,,,,,Candidatus Nanosynbacteraceae,1,,,Sediminicola,1
,,,,,,Mycoplasma,1,,,Cyclonatronum,1
,,,,,,Mycoplasmoides,1,,,Serpentinimonas,1
,,,,,,Mycoplasmopsis,1,,,Phaeomarinobacter,1
,,,,,,Mesomycoplasma,1,,,Jeotgalicoccus,1
,,,,,,Williamsoniiplasma,1,,,Geobacillus,1
,,,,,,Kordiimonadaceae,1,,,Brevibacillus,1
,,,,,,Candidatus Deianiraeaceae,1,,,Lederbergia,1
,,,,,,Spiroplasmataceae,1,,,Thermosynechococcus,1
,,,,,,Desulfatibacillaceae,1,,,Salinibacter,1
,,,,,,Salinisphaeraceae,1,,,Azospira,1
,,,,,,Capsulimonadaceae,1,,,Zhongshania,1
,,,,,,Rhabdochlamydiaceae,1,,,Novibacillus,1
,,,,,,Persicimonas,1,,,Basilea,1
,,,,,,Breoghaniaceae,1,,,Thiomicrospira,1
,,,,,,Haliscomenobacteraceae,1,,,Lentibacillus,1
,,,,,,Flexistipitaceae,1,,,Sirenicapillariaceae,1
,,,,,,Desulfomonilaceae,1,,,Paludibaculum,1
,,,,,,Akkermansiaceae,1,,,Sporosarcina,1
,,,,,,Gomontiellaceae,1,,,Carnobacterium,1
,,,,,,Ichthyobacteriaceae,1,,,Peribacillus,1
,,,,,,Mucispirillaceae,1,,,Virgibacillus,1
,,,,,,Bogoriellaceae,1,,,Hartmannibacter,1
,,,,,,Acidilutibacteraceae,1,,,Lichenicola,1
,,,,,,Ktedonosporobacteraceae,1,,,Lacinutrix,1
,,,,,,Microbulbiferaceae,1,,,Martelella,1
,,,,,,Zhaonellaceae,1,,,Sulfuricurvum,1
,,,,,,Lichenihabitantaceae,1,,,Paraclostridium,1
,,,,,,Thermoanaerobacterales Family IV. Incertae Sedis,1,,,Flavisolibacter,1
,,,,,,Terasakiellaceae,1,,,Clostridioides,1
,,,,,,Tenuifilaceae,1,,,Marinitoga,1
,,,,,,Casimicrobium,1,,,Hathewaya,1
,,,,,,Candidatus Uabimicrobiaceae,1,,,Aneurinibacillus group,1
,,,,,,Tomitella,1,,,Plantibacter,1
,,,,,,Microvenator,1,,,Coprobacter,1
,,,,,,Tepidiformaceae,1,,,Vibrio,1
,,,,,,Dongiaceae,1,,,Paeniclostridium,1
,,,,,,Flintibacter,1,,,Siccibacter,1
,,,,,,Kangiellaceae,1,,,Leadbettera,1
,,,,,,Candidatus Azoamicus,1,,,Jeotgalibacillus,1
,,,,,,Zooshikellaceae,1,,,Nucleicultrix,1
,,,,,,Puniceicoccales incertae sedis,1,,,Thermoclostridium,1
,,,,,,Xylophilus,1,,,Permianibacter,1
,,,,,,Tichowtungiaceae,1,,,Parasaccharibacter,1
,,,,,,Phototrophicaceae,1,,,Acetoanaerobium,1
,,,,,,Nordella,1,,,Clostridium,1
,,,,,,Mangrovivirgaceae,1,,,Erysipelothrix,1
,,,,,,Dissulfurispiraceae,1,,,Pseudopedobacter,1
,,,,,,Proteinivoraceae,1,,,Ruminiclostridium,1
,,,,,,Usitatibacteraceae,1,,,Thomasclavelia,1
,,,,,,Brevibacteriaceae,1,,,Moorella,1
,,,,,,Candidatus Absconditicoccus,1,,,Lacimicrobium,1
,,,,,,Hydrogenimonadaceae,1,,,Aquisalinus,1
,,,,,,Natranaerofabaceae,1,,,Bosea,1
,,,,,,Marinobacteraceae,1,,,Lawsonella,1
,,,,,,Koleobacteraceae,1,,,Berryella,1
,,,,,,Kiloniellaceae,1,,,Anaerobacillus,1
,,,,,,Candidatus Izemoplasmataceae,1,,,Conchiformibius,1
,,,,,,Kaistiaceae,1,,,Kozakia,1
,,,,,,Acidothermaceae,1,,,Barrientosiimonas,1
,,,,,,Tepidisphaeraceae,1,,,Aquitalea,1
,,,,,,Desulfolunaceae,1,,,Spirochaeta,1
,,,,,,Acanthopleuribacteraceae,1,,,Hungatella,1
,,,,,,Pengzhenrongella,1,,,Turicibacter,1
,,,,,,Malacoplasma,1,,,Arachnia,1
,,,,,,Thermodesulfovibrionaceae,1,,,Woeseia,1
,,,,,,Thermospiraceae,1,,,Nesterenkonia,1
,,,,,,Parvicellaceae,1,,,Aliiroseovarius,1
,,,,,,Methylothermaceae,1,,,Haematospirillum,1
,,,,,,Miltoncostaeaceae,1,,,Ruthenibacterium,1
,,,,,,Elioraeaceae,1,,,Blastomonas,1
,,,,,,Anaerotignaceae,1,,,Aquisediminimonas,1
,,,,,,Atribacteraceae,1,,,Cellvibrio,1
,,,,,,Anthocerotibacteraceae,1,,,Mycoavidus,1
,,,,,,Cerasicoccaceae,1,,,Limnochorda,1
,,,,,,Bacillales Family X. Incertae Sedis,1,,,Gottschalkia,1
,,,,,,Segniliparaceae,1,,,Caulobacter,1
,,,,,,Demequinaceae,1,,,Acaryochloris,1
,,,,,,Capillimicrobiaceae,1,,,Acididesulfobacillus,1
,,,,,,Oculatellaceae,1,,,Desulfotomaculum,1
,,,,,,Coleofasciculaceae,1,,,Rugosibacter,1
,,,,,,Candidatus Comchoanobacteraceae,1,,,Halobacillus,1
,,,,,,Thermosediminibacteraceae,1,,,Leifsonia,1
,,,,,,Amorphaceae,1,,,Sterolibacterium,1
,,,,,,Cellulosilyticaceae,1,,,Basfia,1
,,,,,,Paraconexibacteraceae,1,,,Pseudoleptotrichia,1
,,,,,,Sneathiellaceae,1,,,Mycobacteroides,1
,,,,,,Thermoleophilaceae,1,,,Falsihalocynthiibacter,1
,,,,,,Metamycoplasma,1,,,Wenzhouxiangella,1
,,,,,,Hepatoplasma,1,,,Treponema,1
,,,,,,Hydrogenophilaceae,1,,,Chromohalobacter,1
,,,,,,Fontisphaeraceae,1,,,Methylopumilus,1
,,,,,,Fastidiosibacteraceae,1,,,Gudongella,1
,,,,,,Reichenbachiellaceae,1,,,Hahella,1
,,,,,,Nannocystaceae,1,,,Bergeyella,1
,,,,,,Temperatibacteraceae,1,,,Lentzea,1
,,,,,,Aminithiophilaceae,1,,,Cedecea,1
,,,,,,Minwuiaceae,1,,,Leminorella,1
,,,,,,Trichocoleusaceae,1,,,Moellerella,1
,,,,,,Catenulisporaceae,1,,,Yokenella,1
,,,,,,Proteiniborus,1,,,Collimonas,1
,,,,,,Tepidimonas,1,,,Lactiplantibacillus,1
,,,,,,Deinococcaceae,1,,,Pseudohalocynthiibacter,1
,,,,,,Syntrophaceae,1,,,Roseibacterium,1
,,,,,,Halothermotrichaceae,1,,,Lacticaseibacillus,1
,,,,,,Rikenellaceae,1,,,Paenibacillus,1
,,,,,,Bartonellaceae,1,,,Amylolactobacillus,1
,,,,,,Thermostichaceae,1,,,Desulfuromonas,1
,,,,,,Gloeobacteraceae,1,,,Filomicrobium,1
,,,,,,Trueperaceae,1,,,Actibacterium,1
,,,,,,Bacillales Family XII. Incertae Sedis,1,,,Tessaracoccus,1
,,,,,,Thermovirgaceae,1,,,Thermanaeromonas,1
,,,,,,Candidatus Karelsulcia,1,,,Niveispirillum,1
,,,,,,Dethiobacteraceae,1,,,Anaeromyxobacteraceae,1
,,,,,,Psychromonadaceae,1,,,Liquorilactobacillus,1
,,,,,,Coprothermobacteraceae,1,,,Psychromicrobium,1
,,,,,,Rivulariaceae,1,,,Cnuibacter,1
,,,,,,Natranaerobiaceae,1,,,Duffyella,1
,,,,,,Corynebacteriaceae,1,,,Sulfuricaulis,1
,,,,,,Candidatus Ruthturnera,1,,,Halotia,1
,,,,,,Coraliomargaritaceae,1,,,Desulfofervidus,1
,,,,,,Celerinatantimonas,1,,,Lutibacter,1
,,,,,,Candidatus Vesicomyosocius,1,,,Ligilactobacillus,1
,,,,,,Actinopolysporaceae,1,,,Dermabacter,1
,,,,,,Ferrovaceae,1,,,Candidatus Nitrosoglobus,1
,,,,,,Litorivicinaceae,1,,,Planctomyces,1
,,,,,,Jiangellaceae,1,,,Acidiferrobacter,1
,,,,,,Elusimicrobiaceae,1,,,Citromicrobium,1
,,,,,,Thiomonas,1,,,Zophobihabitans,1
,,,,,,Jonesiaceae,1,,,Listeria,1
,,,,,,Caldicellulosiruptoraceae,1,,,Chania,1
,,,,,,Ferrimonadaceae,1,,,Petrimonas,1
,,,,,,Desulfarculaceae,1,,,Blattabacterium,1
,,,,,,Chthonomonadaceae,1,,,Cupriavidus,1
,,,,,,Desulfohalobiaceae,1,,,Renibacterium,1
,,,,,,Candidatus Cloacimonadaceae,1,,,Rouxiella,1
,,,,,,Tolypothrichaceae,1,,,Diaphorobacter,1
,,,,,,Steroidobacteraceae,1,,,Aurantiacibacter,1
,,,,,,Ilumatobacteraceae,1,,,Weissella,1
,,,,,,Calditerrivibrionaceae,1,,,Segatella,1
,,,,,,Thioalkalibacteraceae,1,,,Sellimonas,1
,,,,,,Geoalkalibacteraceae,1,,,Caldimicrobium,1
,,,,,,Rubrobacteraceae,1,,,Lentisphaera,1
,,,,,,Baekduiaceae,1,,,Arsenicicoccus,1
,,,,,,Dietziaceae,1,,,Trueperella,1
,,,,,,Thermomicrobiaceae,1,,,Caminicella,1
,,,,,,Candidatus Azobacteroides,1,,,Roseburia,1
,,,,,,Methylacidiphilaceae,1,,,Pseudoalteromonas,1
,,,,,,Nakamurellaceae,1,,,Aquibium,1
,,,,,,Acidimicrobiaceae,1,,,Egicoccus,1
,,,,,,Zymomonadaceae,1,,,Egibacter,1
,,,,,,Chroococcidiopsidaceae,1,,,Labrenzia,1
,,,,,,Desulfosarcinaceae,1,,,Sulfurifustis,1
,,,,,,Hodgkinia,1,,,Ilyobacter,1
,,,,,,Thiohalobacteraceae,1,,,Limnohabitans,1
,,,,,,Ignavibacteriaceae,1,,,Anaerolinea,1
,,,,,,Desulfobaccaceae,1,,,Herbinix,1
,,,,,,Sanguibacteraceae,1,,,Ishikawaella,1
,,,,,,Dehalococcoidaceae,1,,,Ferrigenium,1
,,,,,,Christensenellaceae,1,,,Marvinbryantia,1
,,,,,,Bruguierivoracaceae,1,,,Laribacter,1
,,,,,,Hoyosellaceae,1,,,Salinispora,1
,,,,,,Sulfurospirillaceae,1,,,Caenibius,1
,,,,,,Candidatus Babeliaceae,1,,,Anaerotruncus,1
,,,,,,Caldisericales,1,,,Thiopseudomonas,1
,,,,,,Terrihabitans,1,,,Faecalibaculum,1
,,,,,,Waddliaceae,1,,,Chelatococcus,1
,,,,,,Clostridiales Family XVII. Incertae Sedis,1,,,Methylovulum,1
,,,,,,Candidatus Puniceispirillaceae,1,,,Cellulomonas,1
,,,,,,Kofleriaceae,1,,,Pyruvatibacter,1
,,,,,,Pseudanabaenaceae,1,,,Thermanaerosceptrum,1
,,,,,,Fibrobacteraceae,1,,,Tistrella,1
,,,,,,Simkaniaceae,1,,,Aquimarina,1
,,,,,,Succinivibrionaceae,1,,,Cognatishimia,1
,,,,,,Gemellaceae,1,,,Thermodesulfatator,1
,,,,,,Magnetospirillaceae,1,,,Labilibaculum,1
,,,,,,Brachyspiraceae,1,,,Leptospira,1
,,,,,,Hippeaceae,1,,,Acetilactobacillus,1
,,,,,,Thermincolaceae,1,,,Peptoclostridium,1
,,,,,,Moritellaceae,1,,,Serpentinicella,1
,,,,,,Candidatus Paracaedibacteraceae,1,,,Gemmatimonas,1
,,,,,,Halothiobacillaceae,1,,,Oryzomicrobium,1
,,,,,,Sandaracinaceae,1,,,Pseudalgibacter,1
,,,,,,Chrysiogenaceae,1,,,Agarilytica,1
,,,,,,Fenollaria,1,,,Catenovulum,1
,,,,,,Calotrichaceae,1,,,Kuenenia,1
,,,,,,Stellaceae,1,,,Acidipropionibacterium,1
,,,,,,Bacteriovoracaceae,1,,,Kurthia,1
,,,,,,Halobacteriovoraceae,1,,,Fluviibacter,1
,,,,,,Acetomicrobiaceae,1,,,Fischerella,1
,,,,,,Thermotomaculaceae,1,,,Paraphotobacterium,1
,,,,,,Bernardetiaceae,1,,,Serinicoccus,1
,,,,,,Chlorarachniophyceae,1,,,Candidatus Viadribacter,1
,,,,,,Pucciniomycotina,1,,,Methylomagnum,1
,,,,,,Cryptomonas,1,,,Candidatus Formimonas,1
,,,,,,Dictyostelia,1,,,Euzebyella,1
,,,,,,Hemiselmis,1,,,Hydrogenophaga,1
,,,,,,Taphrinomycotina,1,,,Thalassotalea,1
,,,,,,Guillardia,1,,,Hankyongella,1
,,,,,,Trichomonadidae,1,,,Salinicola,1
,,,,,,Giardiinae,1,,,Mycobacterium,1
,,,,,,Intramacronucleata,1,,,Varunaivibrio,1
,,,,,,Unikaryonidae,1,,,Emergencia,1
,,,,,,Mouviricetes,1,,,Pseudothermotoga,1
,,,,,,Alphapermutotetravirus,1,,,Doolittlea,1
,,,,,,Amabiliviricetes,1,,,Hoaglandella,1
,,,,,,Macrobrachium satellite virus 1,1,,,Mikella,1
,,,,,,Milk vetch dwarf alphasatellite 2,1,,,Pauljensenia,1
,,,,,,Vidaverviricetes,1,,,Arcticibacterium,1
,,,,,,Faba bean necrotic yellows alphasatellite 2,1,,,Carboxydocella,1
,,,,,,Milk vetch dwarf alphasatellite 3,1,,,Wenyingzhuangia,1
,,,,,,Cladosporium cladosporioides polymycovirus 1,1,,,Frondihabitans,1
,,,,,,Cow vetch latent alphasatellite,1,,,Alicycliphilus,1
,,,,,,Faba bean necrotic yellows alphasatellite 3,1,,,Blautia,1
,,,,,,Ainoaviricetes,1,,,Acutalibacter,1
,,,,,,Daazvirus cynopis,1,,,Longicatena,1
,,,,,,Dobrovirus bufonis,1,,,Muribaculum,1
,,,,,,Milk vetch dwarf China alphasatellite,1,,,Turicimonas,1
,,,,,,Hadakaviridae,1,,,Ereboglobus,1
,,,,,,Blosnavirus,1,,,Leptospirillum,1
,,,,,,Deltabaculovirus,1,,,Fokinia,1
,,,,,,Entomobirnavirus,1,,,Flavivirga,1
,,,,,,Alphanudivirus,1,,,Microcella,1
,,,,,,Avibirnavirus,1,,,Candidatus Promineifilum,1
,,,,,,Gammabaculovirus,1,,,Methylospira,1
,,,,,,Alphabaculovirus,1,,,Herminiimonas,1
,,,,,,Gammanudivirus,1,,,Immundisolibacter,1
,,,,,,Telnavirus,1,,,Sulfuriflexus,1
,,,,,,Deltanudivirus,1,,,Peteryoungia,1
,,,,,,Betabaculovirus,1,,,Panacibacter,1
,,,,,,Aquabirnavirus,1,,,Tetrasphaera,1
,,,,,,Betanudivirus,1,,,Schaalia,1
,,,,,,Glossinavirus,1,,,Desulfosudis,1
,,,,,,Muscavirus,1,,,Marinobacterium,1
,,,,,,White spot syndrome virus,1,,,Edwardsiella,1
,,,,,,Okra yellow crinkle Cameroon alphasatellite,1,,,Agarivorans,1
,,,,,,,,,,Kribbella,1
,,,,,,,,,,Oceanobacillus,1
,,,,,,,,,,Saccharopolyspora,1
,,,,,,,,,,Maribacter,1
,,,,,,,,,,Lacunisphaera,1
,,,,,,,,,,Thermodesulfobium,1
,,,,,,,,,,Methyloversatilis,1
,,,,,,,,,,Curvibacter,1
,,,,,,,,,,Solidesulfovibrio,1
,,,,,,,,,,Pseudobutyrivibrio,1
,,,,,,,,,,Rhizorhabdus,1
,,,,,,,,,,Urechidicola,1
,,,,,,,,,,Tenacibaculum,1
,,,,,,,,,,Poseidonibacter,1
,,,,,,,,,,Limihaloglobus,1
,,,,,,,,,,Scandinavium,1
,,,,,,,,,,Saccharomonospora,1
,,,,,,,,,,Roseitalea,1
,,,,,,,,,,Murdochiella,1
,,,,,,,,,,Duodenibacillus,1
,,,,,,,,,,Paludibacter,1
,,,,,,,,,,Neisseria,1
,,,,,,,,,,Luteitalea,1
,,,,,,,,,,Floricoccus,1
,,,,,,,,,,Geodermatophilus,1
,,,,,,,,,,Xylanimonas,1
,,,,,,,,,,Marinithermus,1
,,,,,,,,,,Nisaea,1
,,,,,,,,,,Dermatophilus,1
,,,,,,,,,,Actinoplanes,1
,,,,,,,,,,Hyphococcus,1
,,,,,,,,,,Phyllobacterium,1
,,,,,,,,,,Phreatobacter,1
,,,,,,,,,,Arabiibacter,1
,,,,,,,,,,Sneathia,1
,,,,,,,,,,Vaginimicrobium,1
,,,,,,,,,,Oceanithermus,1
,,,,,,,,,,Caldithrix,1
,,,,,,,,,,Thalassolituus,1
,,,,,,,,,,Candidatus Fukatsuia,1
,,,,,,,,,,Microvirga,1
,,,,,,,,,,Pistricoccus,1
,,,,,,,,,,Nanopelagicus,1
,,,,,,,,,,Planktophila,1
,,,,,,,,,,Cetobacterium,1
,,,,,,,,,,Thaumasiovibrio,1
,,,,,,,,,,Epidermidibacterium,1
,,,,,,,,,,Fuerstiella,1
,,,,,,,,,,Rossellomorea,1
,,,,,,,,,,Pseudovibrio,1
,,,,,,,,,,Syntrophotalea,1
,,,,,,,,,,Oceanisphaera,1
,,,,,,,,,,Tumebacillus,1
,,,,,,,,,,Jeongeupia,1
,,,,,,,,,,Rodentibacter,1
,,,,,,,,,,Raoultibacter,1
,,,,,,,,,,Salinivibrio,1
,,,,,,,,,,Marinilactibacillus,1
,,,,,,,,,,Boudabousia,1
,,,,,,,,,,Sphingorhabdus,1
,,,,,,,,,,Sulfuritortus,1
,,,,,,,,,,Conexibacter,1
,,,,,,,,,,Thioclava,1
,,,,,,,,,,Silvanigrella,1
,,,,,,,,,,Fluviicola,1
,,,,,,,,,,Ketobacter,1
,,,,,,,,,,Sulfitobacter,1
,,,,,,,,,,Shewanella,1
,,,,,,,,,,Marivivens group,1
,,,,,,,,,,Mariprofundus,1
,,,,,,,,,,Tardibacter,1
,,,,,,,,,,Fonsibacter,1
,,,,,,,,,,Paenacidovorax,1
,,,,,,,,,,Enterovibrio,1
,,,,,,,,,,Rhodoferax,1
,,,,,,,,,,Methylomusa,1
,,,,,,,,,,Rubripirellula,1
,,,,,,,,,,Roseimaritima,1
,,,,,,,,,,Adhaeretor,1
,,,,,,,,,,Rosistilla,1
,,,,,,,,,,Glutamicibacter,1
,,,,,,,,,,Leucobacter,1
,,,,,,,,,,Anaerohalosphaera,1
,,,,,,,,,,Thermosulfuriphilus,1
,,,,,,,,,,Aquaspirillum,1
,,,,,,,,,,Pigmentiphaga,1
,,,,,,,,,,Sedimentisphaera,1
,,,,,,,,,,Alysiella,1
,,,,,,,,,,Ponticoccus,1
,,,,,,,,,,Phoenicibacter,1
,,,,,,,,,,Haematobacter,1
,,,,,,,,,,Loktanella,1
,,,,,,,,,,Geothrix,1
,,,,,,,,,,Cognaticolwellia,1
,,,,,,,,,,Thermoflavifilum,1
,,,,,,,,,,Acidibrevibacterium,1
,,,,,,,,,,Ciceribacter,1
,,,,,,,,,,Campylobacter,1
,,,,,,,,,,Deferribacter,1
,,,,,,,,,,Sulfurivermis,1
,,,,,,,,,,Malaciobacter,1
,,,,,,,,,,Monoglobus,1
,,,,,,,,,,Pelagibacter,1
,,,,,,,,,,Faecalibacillus,1
,,,,,,,,,,Brevefilum,1
,,,,,,,,,,Profftia,1
,,,,,,,,,,Halalkalibacter,1
,,,,,,,,,,Methylocella,1
,,,,,,,,,,Streptosporangium,1
,,,,,,,,,,Parolsenella,1
,,,,,,,,,,Thermobispora,1
,,,,,,,,,,Luteimonas,1
,,,,,,,,,,Aerosticca,1
,,,,,,,,,,Nitrogeniibacter,1
,,,,,,,,,,Thalassococcus,1
,,,,,,,,,,Thermomonospora,1
,,,,,,,,,,Ahniella,1
,,,,,,,,,,Plantactinospora,1
,,,,,,,,,,Thermoactinomyces,1
,,,,,,,,,,Parasphingopyxis,1
,,,,,,,,,,Mariniflexile,1
,,,,,,,,,,Pollutimonas,1
,,,,,,,,,,Marinicauda,1
,,,,,,,,,,Curtobacterium,1
,,,,,,,,,,Suicoccus,1
,,,,,,,,,,Jatrophihabitans,1
,,,,,,,,,,Tropheryma,1
,,,,,,,,,,Paremcibacter,1
,,,,,,,,,,Pimelobacter,1
,,,,,,,,,,Pseudoroseomonas,1
,,,,,,,,,,Rothia,1
,,,,,,,,,,Thermosulfurimonas,1
,,,,,,,,,,Dongshaea,1
,,,,,,,,,,Changchengzhania,1
,,,,,,,,,,Mobiluncus,1
,,,,,,,,,,Edaphobacter,1
,,,,,,,,,,Gordonia,1
,,,,,,,,,,Sphaerobacteraceae,1
,,,,,,,,,,Antarcticibacterium,1
,,,,,,,,,,Zhihengliuella,1
,,,,,,,,,,Tsukamurella,1
,,,,,,,,,,Sulfurovum,1
,,,,,,,,,,Kerstersia,1
,,,,,,,,,,Kitasatospora,1
,,,,,,,,,,Candidatus Chromulinivorax,1
,,,,,,,,,,Aquella,1
,,,,,,,,,,Pseudazoarcus,1
,,,,,,,,,,Novisyntrophococcus,1
,,,,,,,,,,Tamlana,1
,,,,,,,,,,Bermanella,1
,,,,,,,,,,Salinibacterium,1
,,,,,,,,,,Mycetocola,1
,,,,,,,,,,Pseudalkalibacillus,1
,,,,,,,,,,Parvularcula,1
,,,,,,,,,,Alkaliphilus,1
,,,,,,,,,,Enterocloster,1
,,,,,,,,,,Maliibacterium,1
,,,,,,,,,,Nanosynbacter,1
,,,,,,,,,,Butyricimonas,1
,,,,,,,,,,Dysosmobacter,1
,,,,,,,,,,Pukyongia,1
,,,,,,,,,,Salicibibacter,1
,,,,,,,,,,Tepiditoga,1
,,,,,,,,,,Lawsonibacter,1
,,,,,,,,,,Melaminivora,1
,,,,,,,,,,Ottowia,1
,,,,,,,,,,Simplicispira,1
,,,,,,,,,,Allokutzneria,1
,,,,,,,,,,Phycorickettsia,1
,,,,,,,,,,Pulveribacter,1
,,,,,,,,,,Nissabacter,1
,,,,,,,,,,Peterkaempfera,1
,,,,,,,,,,Pseudoprevotella,1
,,,,,,,,,,Subdoligranulum,1
,,,,,,,,,,Mesoplasma,1
,,,,,,,,,,Gracilinema,1
,,,,,,,,,,Dinoroseobacter,1
,,,,,,,,,,Kordiimonas,1
,,,,,,,,,,Saccharospirillum,1
,,,,,,,,,,Orrella,1
,,,,,,,,,,Deianiraea,1
,,,,,,,,,,Polaromonas,1
,,,,,,,,,,Stenotrophomonas,1
,,,,,,,,,,Bifidobacterium,1
,,,,,,,,,,Spiroplasma,1
,,,,,,,,,,Gemmobacter,1
,,,,,,,,,,Auritidibacter,1
,,,,,,,,,,Miniimonas,1
,,,,,,,,,,Profundibacter,1
,,,,,,,,,,Saccharobesus,1
,,,,,,,,,,Petrocella,1
,,,,,,,,,,Desulfatibacillum,1
,,,,,,,,,,Saliniradius,1
,,,,,,,,,,Salinisphaera,1
,,,,,,,,,,Pseudothauera,1
,,,,,,,,,,Aeromicrobium,1
,,,,,,,,,,Thermomonas,1
,,,,,,,,,,Zhouia,1
,,,,,,,,,,Thalassospira,1
,,,,,,,,,,Thiomicrorhabdus,1
,,,,,,,,,,Sulfuricystis,1
,,,,,,,,,,Acidisarcina,1
,,,,,,,,,,Paraliobacillus,1
,,,,,,,,,,Entomomonas,1
,,,,,,,,,,Mergibacter,1
,,,,,,,,,,Photorhabdus,1
,,,,,,,,,,Capsulimonas,1
,,,,,,,,,,Nonomuraea,1
,,,,,,,,,,Cryobacterium,1
,,,,,,,,,,Indioceanicola,1
,,,,,,,,,,Oscillatoriales incertae sedis,1
,,,,,,,,,,Dechloromonas,1
,,,,,,,,,,Skermanella,1
,,,,,,,,,,Methylorubrum,1
,,,,,,,,,,Rhabdochlamydia,1
,,,,,,,,,,Citrifermentans,1
,,,,,,,,,,Hydrocarboniclastica,1
,,,,,,,,,,Comamonas,1
,,,,,,,,,,Ephemeroptericola,1
,,,,,,,,,,Actinokineospora,1
,,,,,,,,,,Actinocatenispora,1
,,,,,,,,,,Psychrobacillus,1
,,,,,,,,,,Ornithinimicrobium,1
,,,,,,,,,,Aquirhabdus,1
,,,,,,,,,,Thermovibrio,1
,,,,,,,,,,Crenobacter,1
,,,,,,,,,,Desulfobacter,1
,,,,,,,,,,Syntrophocurvum,1
,,,,,,,,,,Desulforapulum,1
,,,,,,,,,,Solimonas,1
,,,,,,,,,,Breoghania,1
,,,,,,,,,,Lentilitoribacter,1
,,,,,,,,,,Furfurilactobacillus,1
,,,,,,,,,,Paraflavitalea,1
,,,,,,,,,,Biomaibacter,1
,,,,,,,,,,Paenisporosarcina,1
,,,,,,,,,,Chryseolinea,1
,,,,,,,,,,Belliella,1
,,,,,,,,,,Halanaerobium,1
,,,,,,,,,,Ectothiorhodosinus,1
,,,,,,,,,,Georhizobium,1
,,,,,,,,,,Arachidicoccus,1
,,,,,,,,,,Midichloria,1
,,,,,,,,,,Haliscomenobacter,1
,,,,,,,,,,Flexistipes,1
,,,,,,,,,,Desulfomonile,1
,,,,,,,,,,Fastidiosipila,1
,,,,,,,,,,Xylella,1
,,,,,,,,,,Sporomusa,1
,,,,,,,,,,Elizabethkingia,1
,,,,,,,,,,Halocella,1
,,,,,,,,,,Akkermansia,1
,,,,,,,,,,Secundilactobacillus,1
,,,,,,,,,,Pseudonocardia,1
,,,,,,,,,,Rummeliibacillus,1
,,,,,,,,,,Crinalium,1
,,,,,,,,,,Gryllotalpicola,1
,,,,,,,,,,Apilactobacillus,1
,,,,,,,,,,Protaetiibacter,1
,,,,,,,,,,Thermosipho,1
,,,,,,,,,,Fervidobacterium,1
,,,,,,,,,,Ichthyobacterium,1
,,,,,,,,,,Luteibacter,1
,,,,,,,,,,Hoeflea,1
,,,,,,,,,,Nautilia,1
,,,,,,,,,,Yoonia,1
,,,,,,,,,,Mucispirillum,1
,,,,,,,,,,Parasedimentitalea,1
,,,,,,,,,,Georgenia,1
,,,,,,,,,,Intestinibaculum,1
,,,,,,,,,,Staphylospora,1
,,,,,,,,,,Fluviispira,1
,,,,,,,,,,Cardinium,1
,,,,,,,,,,Sutterella,1
,,,,,,,,,,Flammeovirga,1
,,,,,,,,,,Tabrizicola,1
,,,,,,,,,,Actinobaculum,1
,,,,,,,,,,Jeotgalibaca,1
,,,,,,,,,,Iodobacter,1
,,,,,,,,,,Streptomonospora,1
,,,,,,,,,,Rheinheimera,1
,,,,,,,,,,Pseudorhodobacter,1
,,,,,,,,,,Apibacter,1
,,,,,,,,,,Pseudocnuella,1
,,,,,,,,,,Periweissella,1
,,,,,,,,,,Aminipila,1
,,,,,,,,,,Acidilutibacter,1
,,,,,,,,,,Caproiciproducens,1
,,,,,,,,,,Muriicola,1
,,,,,,,,,,Ktedonosporobacter,1
,,,,,,,,,,Pseudolysobacter,1
,,,,,,,,,,Aquirufa,1
,,,,,,,,,,Oceanispirochaeta,1
,,,,,,,,,,Duncaniella,1
,,,,,,,,,,Aequoribacter,1
,,,,,,,,,,Paraluminiphilus,1
,,,,,,,,,,Uruburuella,1
,,,,,,,,,,Robiginitalea,1
,,,,,,,,,,Microbulbifer,1
,,,,,,,,,,Aureliella,1
,,,,,,,,,,Aeoliella,1
,,,,,,,,,,Gimesia,1
,,,,,,,,,,Tautonia,1
,,,,,,,,,,Stieleria,1
,,,,,,,,,,Mucisphaera,1
,,,,,,,,,,Caulifigura,1
,,,,,,,,,,Bremerella,1
,,,,,,,,,,Alienimonas,1
,,,,,,,,,,Thalassoglobus,1
,,,,,,,,,,Symmachiella,1
,,,,,,,,,,Crateriforma,1
,,,,,,,,,,Polystyrenella,1
,,,,,,,,,,Pirellulimonas,1
,,,,,,,,,,Lignipirellula,1
,,,,,,,,,,Poriferisphaera,1
,,,,,,,,,,Anatilimnocola,1
,,,,,,,,,,Botrimarina,1
,,,,,,,,,,Urbifossiella,1
,,,,,,,,,,Lacipirellula,1
,,,,,,,,,,Maioricimonas,1
,,,,,,,,,,Calycomorphotria,1
,,,,,,,,,,Eikenella,1
,,,,,,,,,,Zhaonella,1
,,,,,,,,,,Lichenihabitans,1
,,,,,,,,,,Xanthobacter,1
,,,,,,,,,,Oceanihabitans,1
,,,,,,,,,,Mahella,1
,,,,,,,,,,Thiospirochaeta,1
,,,,,,,,,,Ethanoligenens,1
,,,,,,,,,,Owenweeksia,1
,,,,,,,,,,Aquicella,1
,,,,,,,,,,Siminovitchia,1
,,,,,,,,,,Candidatus Hydrogenosomobacter,1
,,,,,,,,,,Oecophyllibacter,1
,,,,,,,,,,Formicincola,1
,,,,,,,,,,Rhodocaloribacter,1
,,,,,,,,,,Terasakiella,1
,,,,,,,,,,Altibacter/Constantimarinum group,1
,,,,,,,,,,Parvibaculum,1
,,,,,,,,,,Citricoccus,1
,,,,,,,,,,Polyangium,1
,,,,,,,,,,Metabacillus,1
,,,,,,,,,,Gulosibacter,1
,,,,,,,,,,Desulfosediminicola,1
,,,,,,,,,,Psychroserpens,1
,,,,,,,,,,Candidatus Bandiella,1
,,,,,,,,,,Caloramator,1
,,,,,,,,,,Caproicibacter,1
,,,,,,,,,,Nibricoccus,1
,,,,,,,,,,Roseomonas,1
,,,,,,,,,,Jejubacter,1
,,,,,,,,,,Paroceanicella,1
,,,,,,,,,,Dialister,1
,,,,,,,,,,Luteithermobacter,1
,,,,,,,,,,Saccharibacillus,1
,,,,,,,,,,Amedibacterium,1
,,,,,,,,,,Aggregatimonas,1
,,,,,,,,,,Salidesulfovibrio,1
,,,,,,,,,,Aureibaculum,1
,,,,,,,,,,Oceanicola,1
,,,,,,,,,,Cellulosimicrobium,1
,,,,,,,,,,Palleronia,1
,,,,,,,,,,Roseivivax,1
,,,,,,,,,,Methylophilus,1
,,,,,,,,,,Pelagovum,1
,,,,,,,,,,Tenuifilum,1
,,,,,,,,,,Olivibacter,1
,,,,,,,,,,Paenalkalicoccus,1
,,,,,,,,,,Mangrovibacillus,1
,,,,,,,,,,Kaustia,1
,,,,,,,,,,Ferrovibrio,1
,,,,,,,,,,Chitinimonas,1
,,,,,,,,,,Radiobacillus,1
,,,,,,,,,,Candidatus Uabimicrobium,1
,,,,,,,,,,Glaciihabitans,1
,,,,,,,,,,Frigoribacterium,1
,,,,,,,,,,Limnoglobus,1
,,,,,,,,,,Shouchella,1
,,,,,,,,,,Humibacter,1
,,,,,,,,,,Qingshengfaniella,1
,,,,,,,,,,Crassaminicella,1
,,,,,,,,,,Cytomitobacter,1
,,,,,,,,,,Nesciobacter,1
,,,,,,,,,,Tepidiforma,1
,,,,,,,,,,Halioglobus,1
,,,,,,,,,,Noviherbaspirillum,1
,,,,,,,,,,Hypericibacter,1
,,,,,,,,,,Ruania,1
,,,,,,,,,,Pukyongiella,1
,,,,,,,,,,Sodaliphilus,1
,,,,,,,,,,Nitrincola,1
,,,,,,,,,,Kangiella,1
,,,,,,,,,,Acholeplasma,1
,,,,,,,,,,Pradoshia,1
,,,,,,,,,,Pelistega,1
,,,,,,,,,,Pseudactinotalea,1
,,,,,,,,,,Rhodopirellula,1
,,,,,,,,,,Hydrogenovibrio,1
,,,,,,,,,,Paracoccus,1
,,,,,,,,,,Methylovorus,1
,,,,,,,,,,Venatoribacter,1
,,,,,,,,,,Raineyella,1
,,,,,,,,,,Gracilibacillus,1
,,,,,,,,,,Allosaccharopolyspora,1
,,,,,,,,,,Caproicibacterium,1
,,,,,,,,,,Thalassobacter,1
,,,,,,,,,,Qipengyuania,1
,,,,,,,,,,Cohnella,1
,,,,,,,,,,Tellurirhabdus,1
,,,,,,,,,,Thiosulfativibrio,1
,,,,,,,,,,Thiosulfatimonas,1
,,,,,,,,,,Sulfuriferula,1
,,,,,,,,,,Bizionia,1
,,,,,,,,,,Occultella,1
,,,,,,,,,,Phnomibacter,1
,,,,,,,,,,Chlamydiifrater,1
,,,,,,,,,,Maribellus,1
,,,,,,,,,,Veillonella,1
,,,,,,,,,,Xiamenia,1
,,,,,,,,,,Iocasia,1
,,,,,,,,,,Spartinivicinus,1
,,,,,,,,,,Algicella,1
,,,,,,,,,,Diaminobutyricimonas,1
,,,,,,,,,,Candidatus Pelagisphaera,1
,,,,,,,,,,Winogradskyella,1
,,,,,,,,,,Terricaulis,1
,,,,,,,,,,Algibacter,1
,,,,,,,,,,Eggerthella,1
,,,,,,,,,,Nanchangia,1
,,,,,,,,,,Falsirhodobacter,1
,,,,,,,,,,Pontibacillus,1
,,,,,,,,,,Nitratifractor,1
,,,,,,,,,,Anaerocolumna,1
,,,,,,,,,,Sporolactobacillus,1
,,,,,,,,,,Aristophania,1
,,,,,,,,,,Tichowtungia,1
,,,,,,,,,,Acidocella,1
,,,,,,,,,,Nibribacter,1
,,,,,,,,,,Sinimarinibacterium,1
,,,,,,,,,,Caldichromatium,1
,,,,,,,,,,Rhodocytophaga,1
,,,,,,,,,,Streptacidiphilus,1
,,,,,,,,,,Nitrosophilus,1
,,,,,,,,,,Draconibacterium,1
,,,,,,,,,,Sulfuriroseicoccus,1
,,,,,,,,,,Mumia,1
,,,,,,,,,,Mesoflavibacter,1
,,,,,,,,,,Kineobactrum,1
,,,,,,,,,,Salegentibacter,1
,,,,,,,,,,Chordicoccus,1
,,,,,,,,,,Methylotuvimicrobium,1
,,,,,,,,,,Phototrophicus,1
,,,,,,,,,,Sphingosinithalassobacter,1
,,,,,,,,,,Roseimicrobium,1
,,,,,,,,,,Salaquimonas,1
,,,,,,,,,,Vescimonas,1
,,,,,,,,,,Pusillibacter,1
,,,,,,,,,,Dysgonomonas,1
,,,,,,,,,,Propioniciclava,1
,,,,,,,,,,Phycicoccus,1
,,,,,,,,,,Mangrovivirga,1
,,,,,,,,,,Sulfurimicrobium,1
,,,,,,,,,,Dissulfurispira,1
,,,,,,,,,,Gephyromycinifex,1
,,,,,,,,,,Protofrankia,1
,,,,,,,,,,Cardiobacterium,1
,,,,,,,,,,Entomospira,1
,,,,,,,,,,Nostoc,1
,,,,,,,,,,Marinagarivorans,1
,,,,,,,,,,Arcanobacterium,1
,,,,,,,,,,Hirschia,1
,,,,,,,,,,Parasphingorhabdus,1
,,,,,,,,,,Sarcina,1
,,,,,,,,,,Catellatospora,1
,,,,,,,,,,Luteolibacter,1
,,,,,,,,,,Sediminibacillus,1
,,,,,,,,,,Alkalicella,1
,,,,,,,,,,Teredinibacter,1
,,,,,,,,,,Usitatibacter,1
,,,,,,,,,,Limnobacter,1
,,,,,,,,,,Parasphaerochaeta,1
,,,,,,,,,,Brevibacterium,1
,,,,,,,,,,Symbiobacterium,1
,,,,,,,,,,Herbiconiux,1
,,,,,,,,,,Mariniplasma,1
,,,,,,,,,,Thiothrix,1
,,,,,,,,,,Verrucomicrobium,1
,,,,,,,,,,Deefgea,1
,,,,,,,,,,Chitinibacter,1
,,,,,,,,,,Thermus,1
,,,,,,,,,,Desulfofustis,1
,,,,,,,,,,Hydrogenimonas,1
,,,,,,,,,,Aquisalimonas,1
,,,,,,,,,,Oricola,1
,,,,,,,,,,Methyloligella,1
,,,,,,,,,,Natranaerofaba,1
,,,,,,,,,,Marinobacter,1
,,,,,,,,,,Effusibacillus,1
,,,,,,,,,,Rasiella,1
,,,,,,,,,,Flocculibacter,1
,,,,,,,,,,Adhaeribacter,1
,,,,,,,,,,Halomonas,1
,,,,,,,,,,Pikeienuella,1
,,,,,,,,,,Hyphobacterium,1
,,,,,,,,,,Koleobacter,1
,,,,,,,,,,Aceticella,1
,,,,,,,,,,Brochothrix,1
,,,,,,,,,,Pontibrevibacter,1
,,,,,,,,,,Aureimonas,1
,,,,,,,,,,Changpingibacter,1
,,,,,,,,,,Actinotalea,1
,,,,,,,,,,Sandaracinobacteroides,1
,,,,,,,,,,Lacibacter,1
,,,,,,,,,,Croceimicrobium,1
,,,,,,,,,,Entomobacter,1
,,,,,,,,,,Novosphingopyxis,1
,,,,,,,,,,Oscillibacter,1
,,,,,,,,,,Alloacidobacterium,1
,,,,,,,,,,Wansuia,1
,,,,,,,,,,Qiania,1
,,,,,,,,,,Wujia,1
,,,,,,,,,,Simiaoa,1
,,,,,,,,,,Sideroxyarcus,1
,,,,,,,,,,Amniculibacterium,1
,,,,,,,,,,Meiothermus,1
,,,,,,,,,,Yimella,1
,,,,,,,,,,Roseococcus,1
,,,,,,,,,,Sphingosinicella,1
,,,,,,,,,,Desulfomarina,1
,,,,,,,,,,Agreia,1
,,,,,,,,,,Desulfolutivibrio,1
,,,,,,,,,,Frigoriglobus,1
,,,,,,,,,,Aestuariispira,1
,,,,,,,,,,Methyloradius,1
,,,,,,,,,,Marixanthomonas,1
,,,,,,,,,,Thermophilibacter,1
,,,,,,,,,,Viridibacillus,1
,,,,,,,,,,Solibaculum,1
,,,,,,,,,,Lelliottia,1
,,,,,,,,,,Mongoliitalea,1
,,,,,,,,,,Xianfuyuplasma,1
,,,,,,,,,,Anaeromicropila,1
,,,,,,,,,,Labrys,1
,,,,,,,,,,Actinomarinicola,1
,,,,,,,,,,Pontivivens,1
,,,,,,,,,,Acidihalobacter,1
,,,,,,,,,,Gardnerella,1
,,,,,,,,,,Spongiibacter,1
,,,,,,,,,,Desulfolithobacter,1
,,,,,,,,,,Kaistia,1
,,,,,,,,,,Gelria,1
,,,,,,,,,,Breznakiella,1
,,,,,,,,,,Nocardiopsis,1
,,,,,,,,,,Latilactobacillus,1
,,,,,,,,,,Aquiflexum,1
,,,,,,,,,,Acidothermus,1
,,,,,,,,,,Flagellatimonas,1
,,,,,,,,,,Bulleidia,1
,,,,,,,,,,Candidatus Gromoviella,1
,,,,,,,,,,Rubrivivax,1
,,,,,,,,,,Neotabrizicola,1
,,,,,,,,,,Humisphaera,1
,,,,,,,,,,Glaciimonas,1
,,,,,,,,,,Nitrospirillum,1
,,,,,,,,,,Paralysiella,1
,,,,,,,,,,Salinimicrobium,1
,,,,,,,,,,Fulvivirga,1
,,,,,,,,,,Desulfoluna,1
,,,,,,,,,,Natronoglycomyces,1
,,,,,,,,,,Natronosporangium,1
,,,,,,,,,,Tannerella,1
,,,,,,,,,,Candidatus Amoebophilus,1
,,,,,,,,,,Niveibacterium,1
,,,,,,,,,,Odoribacter,1
,,,,,,,,,,Prevotella,1
,,,,,,,,,,Terrisporobacter,1
,,,,,,,,,,Alkalibacter,1
,,,,,,,,,,Sulfidibacter,1
,,,,,,,,,,Acetohalobium,1
,,,,,,,,,,Aliarcobacter,1
,,,,,,,,,,Arcobacter,1
,,,,,,,,,,Aquabacter,1
,,,,,,,,,,Candidatus Arcticimaribacter,1
,,,,,,,,,,Psychrosphaera,1
,,,,,,,,,,Spiractinospora,1
,,,,,,,,,,Desulfobacula,1
,,,,,,,,,,Colwellia,1
,,,,,,,,,,Ornithobacterium,1
,,,,,,,,,,Thermodesulfovibrio,1
,,,,,,,,,,Thermospira,1
,,,,,,,,,,Bacterioplanoides,1
,,,,,,,,,,Parvicella,1
,,,,,,,,,,Proteiniphilum,1
,,,,,,,,,,Halopseudomonas,1
,,,,,,,,,,Paraneptunicella,1
,,,,,,,,,,Allobaculum,1
,,,,,,,,,,Pseudochrobactrum,1
,,,,,,,,,,Polymorphobacter,1
,,,,,,,,,,Stackebrandtia,1
,,,,,,,,,,Flavihumibacter,1
,,,,,,,,,,Methylobacter,1
,,,,,,,,,,Phenylobacterium,1
,,,,,,,,,,Methylomarinovum,1
,,,,,,,,,,Miltoncostaea,1
,,,,,,,,,,Elioraea,1
,,,,,,,,,,Anaerotignum,1
,,,,,,,,,,Clavibacter,1
,,,,,,,,,,Subtercola,1
,,,,,,,,,,Atribacter,1
,,,,,,,,,,Geomonas,1
,,,,,,,,,,Aquihabitans,1
,,,,,,,,,,Alloalcanivorax,1
,,,,,,,,,,Paeniglutamicibacter,1
,,,,,,,,,,Gymnodinialimonas,1
,,,,,,,,,,Pseudemcibacter,1
,,,,,,,,,,Anthocerotibacter,1
,,,,,,,,,,Paracrocinitomix,1
,,,,,,,,,,Horticoccus,1
,,,,,,,,,,Aureispira,1
,,,,,,,,,,Ruficoccus,1
,,,,,,,,,,Pseudoclavibacter,1
,,,,,,,,,,Hydrogenibacillus,1
,,,,,,,,,,Segniliparus,1
,,,,,,,,,,Pseudomonas,1
,,,,,,,,,,Ferruginibacter,1
,,,,,,,,,,Vogesella,1
,,,,,,,,,,Brucepastera,1
,,,,,,,,,,Beggiatoa,1
,,,,,,,,,,Demequina,1
,,,,,,,,,,Abyssibius,1
,,,,,,,,,,Parasynechococcus,1
,,,,,,,,,,Capillimicrobium,1
,,,,,,,,,,Thermoleptolyngbya,1
,,,,,,,,,,Allocoleopsis,1
,,,,,,,,,,Acetivibrio,1
,,,,,,,,,,Salmonella,1
,,,,,,,,,,Pseudocitrobacter,1
,,,,,,,,,,Aegicerativicinus,1
,,,,,,,,,,Leptogranulimonas,1
,,,,,,,,,,Sphaerospermopsis,1
,,,,,,,,,,Aliamphritea,1
,,,,,,,,,,Yinghuangia,1
,,,,,,,,,,Faecalibacter,1
,,,,,,,,,,Tannockella,1
,,,,,,,,,,Bacteroides,1
,,,,,,,,,,Sinomicrobium,1
,,,,,,,,,,Paralcaligenes,1
,,,,,,,,,,Jannaschia,1
,,,,,,,,,,Allobranchiibius,1
,,,,,,,,,,Flagellimonas,1
,,,,,,,,,,Aurantimonas,1
,,,,,,,,,,Leptodesmis,1
,,,,,,,,,,Solicola,1
,,,,,,,,,,Suttonella,1
,,,,,,,,,,Rhodophyticola,1
,,,,,,,,,,Flaviramulus,1
,,,,,,,,,,Emticicia,1
,,,,,,,,,,Wielerella,1
,,,,,,,,,,Leptothermofonsia,1
,,,,,,,,,,Candidatus Comchoanobacter,1
,,,,,,,,,,Thermosediminibacter,1
,,,,,,,,,,Ignatzschineria,1
,,,,,,,,,,Alkalihalobacillus,1
,,,,,,,,,,Dactylococcopsis,1
,,,,,,,,,,Nicoliella,1
,,,,,,,,,,Abyssalbus,1
,,,,,,,,,,Flavonifractor,1
,,,,,,,,,,Acuticoccus,1
,,,,,,,,,,Streptantibioticus,1
,,,,,,,,,,Miniphocaeibacter,1
,,,,,,,,,,Kovacikia,1
,,,,,,,,,,Thermoanaerobacterium,1
,,,,,,,,,,Ectobacillus,1
,,,,,,,,,,Anaeropeptidivorans,1
,,,,,,,,,,Alkalimarinus,1
,,,,,,,,,,Cellulosilyticum,1
,,,,,,,,,,Dolosigranulum,1
,,,,,,,,,,Fructobacillus,1
,,,,,,,,,,Microlunatus,1
,,,,,,,,,,Blastopirellula,1
,,,,,,,,,,Allocoprobacillus,1
,,,,,,,,,,Brucella/Ochrobactrum group,1
,,,,,,,,,,Pectobacterium,1
,,,,,,,,,,Alkaliflexus,1
,,,,,,,,,,Paraconexibacter,1
,,,,,,,,,,Sneathiella,1
,,,,,,,,,,Turneriella,1
,,,,,,,,,,Thermoleophilum,1
,,,,,,,,,,Pelobacter,1
,,,,,,,,,,Lawsonia,1
,,,,,,,,,,Rhodothermus,1
,,,,,,,,,,Haploplasma,1
,,,,,,,,,,Gilvimarinus,1
,,,,,,,,,,Thermocaproicibacter,1
,,,,,,,,,,Caldalkalibacillus,1
,,,,,,,,,,Hydrogenophilus,1
,,,,,,,,,,Azospirillum,1
,,,,,,,,,,Fontisphaera,1
,,,,,,,,,,Cysteiniphilum,1
,,,,,,,,,,Marinilongibacter,1
,,,,,,,,,,Tahibacter,1
,,,,,,,,,,Pigmentibacter,1
,,,,,,,,,,Reichenbachiella,1
,,,,,,,,,,Fervidibacillus,1
,,,,,,,,,,Paenalcaligenes,1
,,,,,,,,,,Silvimonas,1
,,,,,,,,,,Chitiniphilus,1
,,,,,,,,,,Crossiella,1
,,,,,,,,,,Oceanotoga,1
,,,,,,,,,,Homoserinibacter,1
,,,,,,,,,,Pseudofrankia,1
,,,,,,,,,,Jiella,1
,,,,,,,,,,Tateyamaria,1
,,,,,,,,,,Chondrinema,1
,,,,,,,,,,Nannocystis,1
,,,,,,,,,,Oceanirhabdus,1
,,,,,,,,,,Microbacterium,1
,,,,,,,,,,Glaciecola,1
,,,,,,,,,,Peptostreptococcus,1
,,,,,,,,,,Thermodesulfomicrobium,1
,,,,,,,,,,Solwaraspora,1
,,,,,,,,,,Sinirhodobacter,1
,,,,,,,,,,Marinimicrobium,1
,,,,,,,,,,Stutzerimonas,1
,,,,,,,,,,Gimibacter,1
,,,,,,,,,,Pullulanibacillus,1
,,,,,,,,,,Chelativorans,1
,,,,,,,,,,Aminithiophilus,1
,,,,,,,,,,Microbacter,1
,,,,,,,,,,Superficieibacter,1
,,,,,,,,,,Tissierella,1
,,,,,,,,,,Tepidibacter,1
,,,,,,,,,,Proteiniclasticum,1
,,,,,,,,,,Amylibacter,1
,,,,,,,,,,Minwuia,1
,,,,,,,,,,Acidisoma,1
,,,,,,,,,,Brooklawnia,1
,,,,,,,,,,Methylocapsa,1
,,,,,,,,,,Schleiferilactobacillus,1
,,,,,,,,,,Paraglaciecola,1
,,,,,,,,,,Petroclostridium,1
,,,,,,,,,,Trichothermofontia,1
,,,,,,,,,,Sagittula,1
,,,,,,,,,,Catenulispora,1
,,,,,,,,,,Propionimicrobium,1
,,,,,,,,,,Aliiglaciecola,1
,,,,,,,,,,Tropicibacter,1
,,,,,,,,,,Persephonella,1
,,,,,,,,,,Sulfurihydrogenibium,1
,,,,,,,,,,Deinococcus,1
,,,,,,,,,,Alloyangia,1
,,,,,,,,,,Denitratisoma,1
,,,,,,,,,,Croceibacter,1
,,,,,,,,,,Trichlorobacter,1
,,,,,,,,,,Leadbetterella,1
,,,,,,,,,,Syntrophus,1
,,,,,,,,,,Halothermothrix,1
,,,,,,,,,,Methylobacterium,1
,,,,,,,,,,Helicobacter,1
,,,,,,,,,,Formosa,1
,,,,,,,,,,Synechococcus,1
,,,,,,,,,,Neoasaia,1
,,,,,,,,,,Dokdonella,1
,,,,,,,,,,Dokdonia,1
,,,,,,,,,,Alistipes,1
,,,,,,,,,,Winkia,1
,,,,,,,,,,Cutibacterium,1
,,,,,,,,,,Phascolarctobacterium,1
,,,,,,,,,,Parvimonas,1
,,,,,,,,,,Anaerococcus,1
,,,,,,,,,,Mediterraneibacter,1
,,,,,,,,,,Bartonella,1
,,,,,,,,,,Thermostichus,1
,,,,,,,,,,Gloeobacter,1
,,,,,,,,,,Acidobacterium,1
,,,,,,,,,,Pseudolabrys,1
,,,,,,,,,,Sphingobium,1
,,,,,,,,,,Larkinella,1
,,,,,,,,,,Truepera,1
,,,,,,,,,,Exiguobacterium,1
,,,,,,,,,,Psychrobacter,1
,,,,,,,,,,Thermovirga,1
,,,,,,,,,,Oenococcus,1
,,,,,,,,,,Erwinia,1
,,,,,,,,,,Polymorphospora,1
,,,,,,,,,,Contubernalis,1
,,,,,,,,,,Coriobacterium,1
,,,,,,,,,,Rathayibacter,1
,,,,,,,,,,Streptomyces,1
,,,,,,,,,,Anoxybacillus,1
,,,,,,,,,,Aeribacillus,1
,,,,,,,,,,Kyrpidia,1
,,,,,,,,,,Acetobacterium,1
,,,,,,,,,,Lactobacillus,1
,,,,,,,,,,Melissococcus,1
,,,,,,,,,,Gluconacetobacter,1
,,,,,,,,,,Rhodospirillum,1
,,,,,,,,,,Leptothrix,1
,,,,,,,,,,Actinoalloteichus,1
,,,,,,,,,,Rahnella,1
,,,,,,,,,,Variovorax,1
,,,,,,,,,,Riemerella,1
,,,,,,,,,,Herbaspirillum,1
,,,,,,,,,,Streptobacillus,1
,,,,,,,,,,Parashewanella,1
,,,,,,,,,,Costertonia,1
,,,,,,,,,,Empedobacter,1
,,,,,,,,,,Zobellella,1
,,,,,,,,,,Micavibrio,1
,,,,,,,,,,Alkalilimnicola,1
,,,,,,,,,,Geotalea,1
,,,,,,,,,,Shinella,1
,,,,,,,,,,Azotobacter,1
,,,,,,,,,,Niastella,1
,,,,,,,,,,Amphritea,1
,,,,,,,,,,Geobacter,1
,,,,,,,,,,Heliorestis,1
,,,,,,,,,,Heliomicrobium,1
,,,,,,,,,,Psychromonas,1
,,,,,,,,,,Coprothermobacter,1
,,,,,,,,,,Rhodovulum,1
,,,,,,,,,,Caldibacillus,1
,,,,,,,,,,Methylotenera,1
,,,,,,,,,,Desulfoglaeba,1
,,,,,,,,,,Altererythrobacter,1
,,,,,,,,,,Protochlamydia,1
,,,,,,,,,,Verminephrobacter,1
,,,,,,,,,,Granulibacter,1
,,,,,,,,,,Pelosinus,1
,,,,,,,,,,Tyzzerella,1
,,,,,,,,,,Thiobacillus,1
,,,,,,,,,,Ideonella,1
,,,,,,,,,,Paraburkholderia,1
,,,,,,,,,,Oceanidesulfovibrio,1
,,,,,,,,,,Gallionella,1
,,,,,,,,,,Arenimonas,1
,,,,,,,,,,Gottfriedia,1
,,,,,,,,,,Nocardia,1
,,,,,,,,,,Rivularia,1
,,,,,,,,,,Laceyella,1
,,,,,,,,,,Marichromatium,1
,,,,,,,,,,Loigolactobacillus,1
,,,,,,,,,,Natranaerobius,1
,,,,,,,,,,Halotalea,1
,,,,,,,,,,Desulfobaculum,1
,,,,,,,,,,Phocaeicola,1
,,,,,,,,,,Phytoplasma,1
,,,,,,,,,,Enterococcus,1
,,,,,,,,,,Thermobacillus,1
,,,,,,,,,,Sinomonas,1
,,,,,,,,,,Paenarthrobacter,1
,,,,,,,,,,Tritonibacter,1
,,,,,,,,,,Trabulsiella,1
,,,,,,,,,,Corynebacterium,1
,,,,,,,,,,Cycloclasticus,1
,,,,,,,,,,Terribacillus,1
,,,,,,,,,,Moraxella,1
,,,,,,,,,,Nitratiruptor,1
,,,,,,,,,,Roseibium,1
,,,,,,,,,,Algoriphagus,1
,,,,,,,,,,Alteracholeplasma,1
,,,,,,,,,,Echinicola,1
,,,,,,,,,,Skermania,1
,,,,,,,,,,Aquincola,1
,,,,,,,,,,Inhella,1
,,,,,,,,,,Congregibacter,1
,,,,,,,,,,Endoriftia,1
,,,,,,,,,,Faecalitalea,1
,,,,,,,,,,Lachnospira,1
,,,,,,,,,,Anaerobutyricum,1
,,,,,,,,,,Phytobacter,1
,,,,,,,,,,Coraliomargarita,1
,,,,,,,,,,Sphingomonas,1
,,,,,,,,,,Sulfurimonas,1
,,,,,,,,,,Methylomicrobium,1
,,,,,,,,,,Barnesiella,1
,,,,,,,,,,Zunongwangia,1
,,,,,,,,,,Agrococcus,1
,,,,,,,,,,Pontibacter,1
,,,,,,,,,,Devosia,1
,,,,,,,,,,Helcococcus,1
,,,,,,,,,,Wohlfahrtiimonas,1
,,,,,,,,,,Afipia,1
,,,,,,,,,,Undibacterium,1
,,,,,,,,,,Riesia,1
,,,,,,,,,,Methylobacillus,1
,,,,,,,,,,Alicyclobacillus,1
,,,,,,,,,,Leptotrichia,1
,,,,,,,,,,Actinosynnema,1
,,,,,,,,,,Xenorhabdus,1
,,,,,,,,,,Aquisphaera,1
,,,,,,,,,,Salinicoccus,1
,,,,,,,,,,Coprococcus,1
,,,,,,,,,,Christiangramia,1
,,,,,,,,,,Faecalibacterium,1
,,,,,,,,,,Ewingella,1
,,,,,,,,,,Priestia,1
,,,,,,,,,,Microterricola,1
,,,,,,,,,,Mycetohabitans,1
,,,,,,,,,,Caldimonas,1
,,,,,,,,,,Methylococcus,1
,,,,,,,,,,Actinopolyspora,1
,,,,,,,,,,Pseudoxanthomonas,1
,,,,,,,,,,Ferrovum,1
,,,,,,,,,,Azoarcus,1
,,,,,,,,,,Litorivicinus,1
,,,,,,,,,,Jiangella,1
,,,,,,,,,,Parazoarcus,1
,,,,,,,,,,Methylomonas,1
,,,,,,,,,,Ectothiorhodospira,1
,,,,,,,,,,Nitrospira,1
,,,,,,,,,,Mucilaginibacter,1
,,,,,,,,,,Elusimicrobium,1
,,,,,,,,,,Halobacteroides,1
,,,,,,,,,,Roseobacter,1
,,,,,,,,,,Methylosinus,1
,,,,,,,,,,Desulfurivibrio,1
,,,,,,,,,,Ammonifex,1
,,,,,,,,,,Jonquetella,1
,,,,,,,,,,Nitratireductor,1
,,,,,,,,,,Butyrivibrio,1
,,,,,,,,,,Kutzneria,1
,,,,,,,,,,Novacetimonas,1
,,,,,,,,,,Brachybacterium,1
,,,,,,,,,,Jonesia,1
,,,,,,,,,,Granulosicoccus,1
,,,,,,,,,,Prescottella,1
,,,,,,,,,,Megamonas,1
,,,,,,,,,,Tolumonas,1
,,,,,,,,,,Caldicellulosiruptor,1
,,,,,,,,,,Ferrimonas,1
,,,,,,,,,,Rhodobaca,1
,,,,,,,,,,Gluconobacter,1
,,,,,,,,,,Pedococcus,1
,,,,,,,,,,Dyella,1
,,,,,,,,,,Adlercreutzia,1
,,,,,,,,,,Niabella,1
,,,,,,,,,,Acetobacter,1
,,,,,,,,,,Simiduia,1
,,,,,,,,,,Legionella,1
,,,,,,,,,,Nitrotoga,1
,,,,,,,,,,Desulfarculus,1
,,,,,,,,,,Agromyces,1
,,,,,,,,,,Pseudobdellovibrio,1
,,,,,,,,,,Paraprevotella,1
,,,,,,,,,,Chthonomonas,1
,,,,,,,,,,Maritalea,1
,,,,,,,,,,Schnuerera,1
,,,,,,,,,,Desulfonema,1
,,,,,,,,,,Desulfohalobium,1
,,,,,,,,,,Cloacimonas,1
,,,,,,,,,,Tolypothrix,1
,,,,,,,,,,Granulicatella,1
,,,,,,,,,,Abiotrophia,1
,,,,,,,,,,Actinomadura,1
,,,,,,,,,,Fluoribacter,1
,,,,,,,,,,Steroidobacter,1
,,,,,,,,,,Singulisphaera,1
,,,,,,,,,,Ilumatobacter,1
,,,,,,,,,,Iamia,1
,,,,,,,,,,Gordonibacter,1
,,,,,,,,,,Desulforudis,1
,,,,,,,,,,Devriesea,1
,,,,,,,,,,Purcelliella,1
,,,,,,,,,,Lautropia,1
,,,,,,,,,,Bibersteinia,1
,,,,,,,,,,Modestobacter,1
,,,,,,,,,,Filimonas,1
,,,,,,,,,,Micromonospora,1
,,,,,,,,,,Guyparkeria,1
,,,,,,,,,,Myroides,1
,,,,,,,,,,Burkholderia,1
,,,,,,,,,,Acinetobacter,1
,,,,,,,,,,Thermobifida,1
,,,,,,,,,,Geoalkalibacter,1
,,,,,,,,,,Thalassomonas,1
,,,,,,,,,,Novosphingobium,1
,,,,,,,,,,Nosocomiicoccus,1
,,,,,,,,,,Candidatus Arthromitus,1
,,,,,,,,,,Rubrobacter,1
,,,,,,,,,,Desulfitobacterium,1
,,,,,,,,,,Baekduia,1
,,,,,,,,,,Anseongella,1
,,,,,,,,,,Thermoanaerobacter,1
,,,,,,,,,,Kosakonia,1
,,,,,,,,,,Tepidanaerobacter,1
,,,,,,,,,,Dietzia,1
,,,,,,,,,,Thermomicrobium,1
,,,,,,,,,,Rhodovastum,1
,,,,,,,,,,Kingella,1
,,,,,,,,,,Alcaligenes,1
,,,,,,,,,,Oceanimonas,1
,,,,,,,,,,Ureibacillus,1
,,,,,,,,,,Methylacidiphilum (ex Ratnadevi et al. 2023),1
,,,,,,,,,,Syntrophobotulus,1
,,,,,,,,,,Wigglesworthia,1
,,,,,,,,,,Dehalobacterium,1
,,,,,,,,,,Providencia,1
,,,,,,,,,,Lapidilactobacillus,1
,,,,,,,,,,Aerococcus,1
,,,,,,,,,,Tetragenococcus,1
,,,,,,,,,,Vagococcus,1
,,,,,,,,,,Chondromyces,1
,,,,,,,,,,Allomeiothermus,1
,,,,,,,,,,Thiocapsa,1
,,,,,,,,,,Denitrificimonas,1
,,,,,,,,,,Prauserella,1
,,,,,,,,,,Pelagibacterium,1
,,,,,,,,,,Beijerinckia,1
,,,,,,,,,,Tatumella,1
,,,,,,,,,,Intrasporangium,1
,,,,,,,,,,Dactylosporangium,1
,,,,,,,,,,Hyphomicrobium,1
,,,,,,,,,,Eubacterium,1
,,,,,,,,,,Fructilactobacillus,1
,,,,,,,,,,Nakamurella,1
,,,,,,,,,,Thalassovita,1
,,,,,,,,,,Cronobacter,1
,,,,,,,,,,Acidimicrobium,1
,,,,,,,,,,Stappia,1
,,,,,,,,,,Peptoniphilus,1
,,,,,,,,,,Roseovarius,1
,,,,,,,,,,Zymomonas,1
,,,,,,,,,,Chroococcidiopsis,1
,,,,,,,,,,Pelagerythrobacter,1
,,,,,,,,,,Citrobacter,1
,,,,,,,,,,Paraoerskovia,1
,,,,,,,,,,Friedmanniella,1
,,,,,,,,,,Hydrogenobaculum,1
,,,,,,,,,,Phycisphaera,1
,,,,,,,,,,Aromatoleum,1
,,,,,,,,,,Sediminispirochaeta,1
,,,,,,,,,,Acidovorax,1
,,,,,,,,,,Candidatus Nitrosacidococcus,1
,,,,,,,,,,Janthinobacterium,1
,,,,,,,,,,Dehalobacter,1
,,,,,,,,,,Dickeya,1
,,,,,,,,,,Liberibacter,1
,,,,,,,,,,Neomicrococcus,1
,,,,,,,,,,Propionibacterium,1
,,,,,,,,,,Sorangium,1
,,,,,,,,,,Sphingobacterium,1
,,,,,,,,,,Mameliella,1
,,,,,,,,,,Escherichia,1
,,,,,,,,,,Shimwellia,1
,,,,,,,,,,Roseicitreum,1
,,,,,,,,,,Couchioplanes,1
,,,,,,,,,,Xanthomonas,1
,,,,,,,,,,Atlantibacter,1
,,,,,,,,,,Pseudescherichia,1
,,,,,,,,,,Hafnia,1
,,,,,,,,,,Methylovirgula,1
,,,,,,,,,,Allobacillus,1
,,,,,,,,,,Psychroflexus,1
,,,,,,,,,,Desulfosarcina,1
,,,,,,,,,,Luteipulveratus,1
,,,,,,,,,,Leeuwenhoekiella,1
,,,,,,,,,,Microvirgula,1
,,,,,,,,,,Sediminibacterium,1
,,,,,,,,,,Lentibacter,1
,,,,,,,,,,Polynucleobacter,1
,,,,,,,,,,Desulfofarcimen,1
,,,,,,,,,,Oleidesulfovibrio,1
,,,,,,,,,,Morganella,1
,,,,,,,,,,Proteus,1
,,,,,,,,,,Thiohalobacter,1
,,,,,,,,,,Ignavibacterium,1
,,,,,,,,,,Mesorhizobium,1
,,,,,,,,,,Allofrancisella,1
,,,,,,,,,,Actinotignum,1
,,,,,,,,,,Gleimia,1
,,,,,,,,,,Cellulophaga,1
,,,,,,,,,,Desulforamulus,1
,,,,,,,,,,Alcanivorax,1
,,,,,,,,,,Cyanobium,1
,,,,,,,,,,Parafannyhessea,1
,,,,,,,,,,Phaeobacter,1
,,,,,,,,,,Desulfobacca,1
,,,,,,,,,,Sanguibacter,1
,,,,,,,,,,Dehalococcoides,1
,,,,,,,,,,Paracholeplasma,1
,,,,,,,,,,Kluyvera,1
,,,,,,,,,,Arenibacter,1
,,,,,,,,,,Lachnoanaerobaculum,1
,,,,,,,,,,Borreliella,1
,,,,,,,,,,Acidiphilium,1
,,,,,,,,,,Francisella,1
,,,,,,,,,,Shigella,1
,,,,,,,,,,Christensenella,1
,,,,,,,,,,Vitreoscilla,1
,,,,,,,,,,Zobellia,1
,,,,,,,,,,Yersinia,1
,,,,,,,,,,Aquifex,1
,,,,,,,,,,Arsenophonus,1
,,,,,,,,,,Sodalis,1
,,,,,,,,,,Sideroxydans,1
,,,,,,,,,,Levilactobacillus,1
,,,,,,,,,,Pyramidobacter,1
,,,,,,,,,,Sphaerotilus,1
,,,,,,,,,,Hoyosella,1
,,,,,,,,,,Desulfurobacterium,1
,,,,,,,,,,Paraurantiacibacter,1
,,,,,,,,,,Anaerostipes,1
,,,,,,,,,,Sulfuricella,1
,,,,,,,,,,Fibrella,1
,,,,,,,,,,Kosmotoga,1
,,,,,,,,,,Neptuniibacter,1
,,,,,,,,,,Fretibacterium,1
,,,,,,,,,,Methylocystis,1
,,,,,,,,,,Sulfurospirillum,1
,,,,,,,,,,Desulfocapsa,1
,,,,,,,,,,Arthrobacter,1
,,,,,,,,,,Koribacter,1
,,,,,,,,,,Neokomagataea,1
,,,,,,,,,,Pseudobacter,1
,,,,,,,,,,Halarcobacter,1
,,,,,,,,,,Mixta,1
,,,,,,,,,,Rhodanobacter,1
,,,,,,,,,,Aliivibrio,1
,,,,,,,,,,Caldinitratiruptor,1
,,,,,,,,,,Grimontia,1
,,,,,,,,,,Babela,1
,,,,,,,,,,Marisediminicola,1
,,,,,,,,,,Rhodoplanes,1
,,,,,,,,,,Auraticoccus,1
,,,,,,,,,,Rickettsiella,1
,,,,,,,,,,Chitinolyticbacter,1
,,,,,,,,,,Tuwongella,1
,,,,,,,,,,Musicola,1
,,,,,,,,,,Tsuneonella,1
,,,,,,,,,,Caldisericaceae,1
,,,,,,,,,,Petrotoga,1
,,,,,,,,,,Selenomonas,1
,,,,,,,,,,Kushneria,1
,,,,,,,,,,Macrococcoides,1
,,,,,,,,,,Azorhizobium,1
,,,,,,,,,,Plesiomonas,1
,,,,,,,,,,Nodularia,1
,,,,,,,,,,Aurantimicrobium,1
,,,,,,,,,,Atopobium,1
,,,,,,,,,,Aggregatibacter,1
,,,,,,,,,,Actinobacillus,1
,,,,,,,,,,Waddlia,1
,,,,,,,,,,Oceanicoccus,1
,,,,,,,,,,Litorilituus,1
,,,,,,,,,,Kocuria,1
,,,,,,,,,,Simonsiella,1
,,,,,,,,,,Achromobacter,1
,,,,,,,,,,Haemophilus,1
,,,,,,,,,,Avibacterium,1
,,,,,,,,,,Histophilus,1
,,,,,,,,,,Thiocystis,1
,,,,,,,,,,Glaesserella,1
,,,,,,,,,,Thermaerobacter,1
,,,,,,,,,,Antarctobacter,1
,,,,,,,,,,Brevundimonas,1
,,,,,,,,,,Maricaulis,1
,,,,,,,,,,Collinsella,1
,,,,,,,,,,Pasteurella,1
,,,,,,,,,,Entomoplasma,1
,,,,,,,,,,Cylindrospermopsis,1
,,,,,,,,,,Pseudogulbenkiania,1
,,,,,,,,,,Sulfuritalea,1
,,,,,,,,,,Micropruina,1
,,,,,,,,,,Gilvibacter,1
,,,,,,,,,,Methylophaga,1
,,,,,,,,,,Castellaniella,1
,,,,,,,,,,Caballeronia,1
,,,,,,,,,,Hoylesella,1
,,,,,,,,,,Ferribacterium,1
,,,,,,,,,,Siansivirga,1
,,,,,,,,,,Candidatus Puniceispirillum,1
,,,,,,,,,,Fusobacterium,1
,,,,,,,,,,Anaplasma,1
,,,,,,,,,,Coxiella,1
,,,,,,,,,,Parascardovia,1
,,,,,,,,,,Scardovia,1
,,,,,,,,,,Asticcacaulis,1
,,,,,,,,,,Desulfosporosinus,1
,,,,,,,,,,Chitinophaga,1
,,,,,,,,,,Denitrobacterium,1
,,,,,,,,,,Sutcliffiella,1
,,,,,,,,,,Alkalihalophilus,1
,,,,,,,,,,Thioflavicoccus,1
,,,,,,,,,,Haliangium,1
,,,,,,,,,,Wolbachieae,1
,,,,,,,,,,Delftia,1
,,,,,,,,,,Paracidovorax,1
,,,,,,,,,,Hylemonella,1
,,,,,,,,,,Hyphomonas,1
,,,,,,,,,,Chlamydia/Chlamydophila group,1
,,,,,,,,,,Aminomonas,1
,,,,,,,,,,Thermanaerovibrio,1
,,,,,,,,,,Aminobacterium,1
,,,,,,,,,,Frateuria,1
,,,,,,,,,,Fannyhessea,1
,,,,,,,,,,Parabacteroides,1
,,,,,,,,,,Sebaldella,1
,,,,,,,,,,Pseudanabaena,1
,,,,,,,,,,Desemzia,1
,,,,,,,,,,Buttiauxella,1
,,,,,,,,,,Obesumbacterium,1
,,,,,,,,,,Pragia,1
,,,,,,,,,,Serratia,1
,,,,,,,,,,Aminobacter,1
,,,,,,,,,,Fibrobacter,1
,,,,,,,,,,Parachlamydia,1
,,,,,,,,,,Simkania,1
,,,,,,,,,,Leclercia,1
,,,,,,,,,,Porphyromonas,1
,,,,,,,,,,Succinivibrio,1
,,,,,,,,,,Lacrimispora,1
,,,,,,,,,,Pseudoclostridium,1
,,,,,,,,,,Slackia,1
,,,,,,,,,,Gemella,1
,,,,,,,,,,Paramagnetospirillum,1
,,,,,,,,,,Cryptobacterium,1
,,,,,,,,,,Brachyspira,1
,,,,,,,,,,Wolinella,1
,,,,,,,,,,Hippea,1
,,,,,,,,,,Lysobacter,1
,,,,,,,,,,Taylorella,1
,,,,,,,,,,Oxalobacter,1
,,,,,,,,,,Beutenbergia,1
,,,,,,,,,,Desulfotalea,1
,,,,,,,,,,Pseudarthrobacter,1
,,,,,,,,,,Mannheimia,1
,,,,,,,,,,Salisediminibacterium,1
,,,,,,,,,,Janibacter,1
,,,,,,,,,,Thermacetogenium,1
,,,,,,,,,,Cytobacillus,1
,,,,,,,,,,Kibdelosporangium,1
,,,,,,,,,,Gemmatirosa,1
,,,,,,,,,,Syntrophothermus,1
,,,,,,,,,,Syntrophomonas,1
,,,,,,,,,,Saccharophagus,1
,,,,,,,,,,Mogibacterium,1
,,,,,,,,,,Thermincola,1
,,,,,,,,,,Pectinatus,1
,,,,,,,,,,Halalkalibacterium (ex Joshi et al. 2022),1
,,,,,,,,,,Dichelobacter,1
,,,,,,,,,,Terriglobus,1
,,,,,,,,,,Desulfocurvibacter,1
,,,,,,,,,,Mycolicibacter,1
,,,,,,,,,,Megalodesulfovibrio,1
,,,,,,,,,,Maridesulfovibrio,1
,,,,,,,,,,Nitratidesulfovibrio,1
,,,,,,,,,,Dorea,1
,,,,,,,,,,Mageeibacillus,1
,,,,,,,,,,Enterobacter,1
,,,,,,,,,,Alkalitalea,1
,,,,,,,,,,Ignavigranum,1
,,,,,,,,,,Peptacetobacter,1
,,,,,,,,,,Ruegeria,1
,,,,,,,,,,Desulfobulbus,1
,,,,,,,,,,Neoehrlichia,1
,,,,,,,,,,Desulfococcus,1
,,,,,,,,,,Desulfomicrobium,1
,,,,,,,,,,Buchnera,1
,,,,,,,,,,Oligella,1
,,,,,,,,,,Acidaminococcus,1
,,,,,,,,,,Megasphaera,1
,,,,,,,,,,Moritella,1
,,,,,,,,,,Caldanaerobacter,1
,,,,,,,,,,Nitrobacter,1
,,,,,,,,,,Pelolinea,1
,,,,,,,,,,Nitrosomonas,1
,,,,,,,,,,Paracaedibacter,1
,,,,,,,,,,Asaia,1
,,,,,,,,,,Halothiobacillus,1
,,,,,,,,,,Sandaracinus,1
,,,,,,,,,,Ketogulonicigenium,1
,,,,,,,,,,Gibbsiella,1
,,,,,,,,,,Nonlabens,1
,,,,,,,,,,Porifericola,1
,,,,,,,,,,Tunicatimonas,1
,,,,,,,,,,Pandoraea,1
,,,,,,,,,,Desulfurispirillum,1
,,,,,,,,,,Calothrix,1
,,,,,,,,,,Thermotoga,1
,,,,,,,,,,Stella,1
,,,,,,,,,,Hydrogenobacter,1
,,,,,,,,,,Granulicella,1
,,,,,,,,,,Ramlibacter,1
,,,,,,,,,,Allosphingosinicella,1
,,,,,,,,,,Dyadobacter,1
,,,,,,,,,,Tardiphaga,1
,,,,,,,,,,Ehrlichia,1
,,,,,,,,,,Bordetella,1
,,,,,,,,,,Aeromonas,1
,,,,,,,,,,Neorickettsia,1
,,,,,,,,,,Bdellovibrio,1
,,,,,,,,,,Bacteriovorax,1
,,,,,,,,,,Halobacteriovorax,1
,,,,,,,,,,Acetomicrobium,1
,,,,,,,,,,Mariniblastus,1
,,,,,,,,,,Thermotomaculum,1
,,,,,,,,,,Pedobacter,1
,,,,,,,,,,Cytophaga,1
,,,,,,,,,,Flavobacterium,1
,,,,,,,,,,Pseudoglutamicibacter,1
,,,,,,,,,,Polymorphum,1
,,,,,,,,,,Solitalea,1
,,,,,,,,,,Bernardetia,1
,,,,,,,,,,Bigelowiella,1
,,,,,,,,,,Pucciniomycetes,1
,,,,,,,,,,Bacillariophyceae,1
,,,,,,,,,,Coscinodiscophyceae,1
,,,,,,,,,,Leotiomycetes,1
,,,,,,,,,,Dictyosteliales,1
,,,,,,,,,,Schizosaccharomycetes,1
,,,,,,,,,,Tremellomycetes,1
,,,,,,,,,,Trichomonas,1
,,,,,,,,,,Giardia,1
,,,,,,,,,,Haemosporida,1
,,,,,,,,,,Oligohymenophorea,1
,,,,,,,,,,Encephalitozoon,1
,,,,,,,,,,Malasseziomycetes,1
,,,,,,,,,,Asfuvirales,1
,,,,,,,,,,Vinavirales,1
,,,,,,,,,,Muvirus,1
,,,,,,,,,,Punavirus,1
,,,,,,,,,,Takahashivirus,1
,,,,,,,,,,Schmidvirus,1
,,,,,,,,,,Casadabanvirus,1
,,,,,,,,,,Lambdavirus,1
,,,,,,,,,,Donellivirus,1
,,,,,,,,,,Rerduovirus,1
,,,,,,,,,,Petsuvirus,1
,,,,,,,,,,Klementvirus,1
,,,,,,,,,,Derbicusvirus,1
,,,,,,,,,,Picardvirus,1
,,,,,,,,,,Andromedavirus,1
,,,,,,,,,,Harrisonburgvirus,1
,,,,,,,,,,Polivirales,1
,,,,,,,,,,Triavirus,1
,,,,,,,,,,Turbidovirus,1
,,,,,,,,,,Saclayvirus,1
,,,,,,,,,,Fromanvirus,1
,,,,,,,,,,Phifelvirus,1
,,,,,,,,,,Phikzvirus,1
,,,,,,,,,,Stanholtvirus,1
,,,,,,,,,,Leonardvirus,1
,,,,,,,,,,Jujuvirus,1
,,,,,,,,,,Wolframvirales,1
,,,,,,,,,,Machinavirus,1
,,,,,,,,,,Bruynoghevirus,1
,,,,,,,,,,Obolenskvirus,1
,,,,,,,,,,Helsingorvirus,1
,,,,,,,,,,Lightbulbvirus,1
,,,,,,,,,,Cbastvirus,1
,,,,,,,,,,Iiscvirinae,1
,,,,,,,,,,Mapvirus,1
,,,,,,,,,,Nonanavirus,1
,,,,,,,,,,Homburgvirus,1
,,,,,,,,,,Pagevirus,1
,,,,,,,,,,Pakpunavirus,1
,,,,,,,,,,Psavirus,1
,,,,,,,,,,Kleczkowskavirus,1
,,,,,,,,,,Septimatrevirus,1
,,,,,,,,,,Kilunavirus,1
,,,,,,,,,,Mardecavirus,1
,,,,,,,,,,Slashvirus,1
,,,,,,,,,,Vhmlvirus,1
,,,,,,,,,,Sextaecvirus,1
,,,,,,,,,,Enhodamvirus,1
,,,,,,,,,,Nankokuvirus,1
,,,,,,,,,,Rauchvirus,1
,,,,,,,,,,Mieseafarmvirus,1
,,,,,,,,,,Chiangmaivirus,1
,,,,,,,,,,Yokohamavirus,1
,,,,,,,,,,Emdodecavirus,1
,,,,,,,,,,Mudcatvirus,1
,,,,,,,,,,Marvinvirus,1
,,,,,,,,,,Amigovirus,1
,,,,,,,,,,Bernalvirus,1
,,,,,,,,,,Decurrovirus,1
,,,,,,,,,,Demosthenesvirus,1
,,,,,,,,,,Eiauvirus,1
,,,,,,,,,,Gaiavirus,1
,,,,,,,,,,Gilesvirus,1
,,,,,,,,,,Gordonvirus,1
,,,,,,,,,,Gordtnkvirus,1
,,,,,,,,,,Jenstvirus,1
,,,,,,,,,,Steinhofvirus,1
,,,,,,,,,,Kelleziovirus,1
,,,,,,,,,,Incheonvirus,1
,,,,,,,,,,Inhavirus,1
,,,,,,,,,,Pahexavirus,1
,,,,,,,,,,Pamexvirus,1
,,,,,,,,,,Patiencevirus,1
,,,,,,,,,,Barnyardvirus,1
,,,,,,,,,,Konstantinevirus,1
,,,,,,,,,,Predatorvirus,1
,,,,,,,,,,Pepyhexavirus,1
,,,,,,,,,,Roufvirus,1
,,,,,,,,,,Xiamenvirus,1
,,,,,,,,,,Saphexavirus,1
,,,,,,,,,,Papyrusvirus,1
,,,,,,,,,,Oneupvirus,1
,,,,,,,,,,Smoothievirus,1
,,,,,,,,,,Soupsvirus,1
,,,,,,,,,,Tankvirus,1
,,,,,,,,,,Tinduovirus,1
,,,,,,,,,,Titanvirus,1
,,,,,,,,,,Uetakevirus,1
,,,,,,,,,,Kafunavirus,1
,,,,,,,,,,Kochitakasuvirus,1
,,,,,,,,,,Woodruffvirus,1
,,,,,,,,,,Montyvirus,1
,,,,,,,,,,Woesvirus,1
,,,,,,,,,,Abouovirus,1
,,,,,,,,,,Agricanvirus,1
,,,,,,,,,,Klausavirus,1
,,,,,,,,,,Elvirus,1
,,,,,,,,,,Jimmervirus,1
,,,,,,,,,,Seoulvirus,1
,,,,,,,,,,Perisivirus,1
,,,,,,,,,,Cronusvirus,1
,,,,,,,,,,Pbunavirus,1
,,,,,,,,,,Holosalinivirus,1
,,,,,,,,,,Kairosalinivirus,1
,,,,,,,,,,Kostyavirus,1
,,,,,,,,,,Microwolfvirus,1
,,,,,,,,,,Chenonavirus,1
,,,,,,,,,,Corndogvirus,1
,,,,,,,,,,Omegavirus,1
,,,,,,,,,,Anatolevirus,1
,,,,,,,,,,Attisvirus,1
,,,,,,,,,,Nclasvirinae,1
,,,,,,,,,,Mindivirales,1
,,,,,,,,,,Doucettevirus,1
,,,,,,,,,,Erskinevirus,1
,,,,,,,,,,Milneviricetes,1
,,,,,,,,,,Pulverervirus,1
,,,,,,,,,,Svunavirus,1
,,,,,,,,,,Saundersvirus,1
,,,,,,,,,,Trigintaduovirus,1
,,,,,,,,,,Wizardvirus,1
,,,,,,,,,,Quhwahvirus,1
,,,,,,,,,,Lomovskayavirus,1
,,,,,,,,,,Xipdecavirus,1
,,,,,,,,,,Coetzeevirus,1
,,,,,,,,,,Lessievirus,1
,,,,,,,,,,Chunqiuviricetes,1
,,,,,,,,,,Yunchangviricetes,1
,,,,,,,,,,Busanvirus,1
,,,,,,,,,,Vieuvirus,1
,,,,,,,,,,Lokivirus,1
,,,,,,,,,,Metrivirus,1
,,,,,,,,,,Popoffvirus,1
,,,,,,,,,,Polybotosvirus,1
,,,,,,,,,,Marthavirus,1
,,,,,,,,,,Galaxyvirus,1
,,,,,,,,,,Jasminevirus,1
,,,,,,,,,,Magadivirus,1
,,,,,,,,,,Thornevirus,1
,,,,,,,,,,Cimpunavirus,1
,,,,,,,,,,Cinunavirus,1
,,,,,,,,,,Sasvirus,1
,,,,,,,,,,Poushouvirus,1
,,,,,,,,,,Ikedavirus,1
,,,,,,,,,,Mimasvirus,1
,,,,,,,,,,Ionavirus,1
,,,,,,,,,,Nanhaivirus,1
,,,,,,,,,,Gofduovirus,1
,,,,,,,,,,Efquatrovirus,1
,,,,,,,,,,Iapetusvirus,1
,,,,,,,,,,Risingsunvirus,1
,,,,,,,,,,Asteriusvirus,1
,,,,,,,,,,Ficleduovirus,1
,,,,,,,,,,Fipvunavirus,1
,,,,,,,,,,Bantamvirus,1
,,,,,,,,,,Betterkatzvirus,1
,,,,,,,,,,Bowservirus,1
,,,,,,,,,,Britbratvirus,1
,,,,,,,,,,Eyrevirus,1
,,,,,,,,,,Galunavirus,1
,,,,,,,,,,Gamtrevirus,1
,,,,,,,,,,Bendigovirus,1
,,,,,,,,,,Emalynvirus,1
,,,,,,,,,,Getseptimavirus,1
,,,,,,,,,,Ghobesvirus,1
,,,,,,,,,,Gustavvirus,1
,,,,,,,,,,Hedwigvirus,1
,,,,,,,,,,Gorjumvirus,1
,,,,,,,,,,Nyceiraevirus,1
,,,,,,,,,,Orchidvirus,1
,,,,,,,,,,Sourvirus,1
,,,,,,,,,,Vividuovirus,1
,,,,,,,,,,Yvonnevirus,1
,,,,,,,,,,Iodovirus,1
,,,,,,,,,,Jedunavirus,1
,,,,,,,,,,Alcyoneusvirus,1
,,,,,,,,,,Dismasvirus,1
,,,,,,,,,,Elerivirus,1
,,,,,,,,,,Kojivirus,1
,,,,,,,,,,Ilzatvirus,1
,,,,,,,,,,Farahnazvirus,1
,,,,,,,,,,Minunavirus,1
,,,,,,,,,,Pikminvirus,1
,,,,,,,,,,Myxoctovirus,1
,,,,,,,,,,Lilyvirus,1
,,,,,,,,,,Halcyonevirus,1
,,,,,,,,,,Vidquintavirus,1
,,,,,,,,,,Vhulanivirus,1
,,,,,,,,,,Peatvirus,1
,,,,,,,,,,Beetrevirus,1
,,,,,,,,,,Bjornvirus,1
,,,,,,,,,,Flaumdravirus,1
,,,,,,,,,,Noxifervirus,1
,,,,,,,,,,Plaisancevirus,1
,,,,,,,,,,Otagovirus,1
,,,,,,,,,,Samunavirus,1
,,,,,,,,,,Vicosavirus,1
,,,,,,,,,,Nickievirus,1
,,,,,,,,,,Chakrabartyvirus,1
,,,,,,,,,,Tabernariusvirus,1
,,,,,,,,,,Krylovvirus,1
,,,,,,,,,,Ripduovirus,1
,,,,,,,,,,Rigallicvirus,1
,,,,,,,,,,Trinavirus,1
,,,,,,,,,,Weaselvirus,1
,,,,,,,,,,Kryptosalinivirus,1
,,,,,,,,,,Brunovirus,1
,,,,,,,,,,Eneladusvirus,1
,,,,,,,,,,Lacusarxvirus,1
,,,,,,,,,,Delepquintavirus,1
,,,,,,,,,,Rimavirus,1
,,,,,,,,,,Bingvirus,1
,,,,,,,,,,Scapunavirus,1
,,,,,,,,,,Tijeunavirus,1
,,,,,,,,,,Eisenstarkvirus,1
,,,,,,,,,,Naesvirus,1
,,,,,,,,,,Hapunavirus,1
,,,,,,,,,,Bcepmuvirus,1
,,,,,,,,,,Belfryvirales,1
,,,,,,,,,,Arawnvirus,1
,,,,,,,,,,Fredfastierviridae,1
,,,,,,,,,,Fairfaxidumvirus,1
,,,,,,,,,,Recrevirales,1
,,,,,,,,,,Alexandravirus,1
,,,,,,,,,,Anamdongvirus,1
,,,,,,,,,,Aokuangvirus,1
,,,,,,,,,,Aurunvirus,1
,,,,,,,,,,Baikalvirus,1
,,,,,,,,,,Barbavirus,1
,,,,,,,,,,Brigitvirus,1
,,,,,,,,,,Carpasinavirus,1
,,,,,,,,,,Eponavirus,1
,,,,,,,,,,Eurybiavirus,1
,,,,,,,,,,Goslarvirus,1
,,,,,,,,,,Heilongjiangvirus,1
,,,,,,,,,,Lagaffevirus,1
,,,,,,,,,,Llyrvirus,1
,,,,,,,,,,Loughboroughvirus,1
,,,,,,,,,,Mushuvirus,1
,,,,,,,,,,Phabquatrovirus,1
,,,,,,,,,,Qingdaovirus,1
,,,,,,,,,,Rosemountvirus,1
,,,,,,,,,,Salmondvirus,1
,,,,,,,,,,Sasquatchvirus,1
,,,,,,,,,,Schmittlotzvirus,1
,,,,,,,,,,Taranisvirus,1
,,,,,,,,,,Toutatisvirus,1
,,,,,,,,,,Wellingtonvirus,1
,,,,,,,,,,Wifcevirus,1
,,,,,,,,,,Yoloswagvirus,1
,,,,,,,,,,Hungariovirus,1
,,,,,,,,,,Kelquatrovirus,1
,,,,,,,,,,Skarprettervirus,1
,,,,,,,,,,Sortsnevirus,1
,,,,,,,,,,Xuquatrovirus,1
,,,,,,,,,,Abbeymikolonvirus,1
,,,,,,,,,,Andrewvirus,1
,,,,,,,,,,Appavirus,1
,,,,,,,,,,Apricotvirus,1
,,,,,,,,,,Armstrongvirus,1
,,,,,,,,,,Attoomivirus,1
,,,,,,,,,,Austintatiousvirus,1
,,,,,,,,,,Bridgettevirus,1
,,,,,,,,,,Coralvirus,1
,,,,,,,,,,Daredevilvirus,1
,,,,,,,,,,Edenvirus,1
,,,,,,,,,,Feofaniavirus,1
,,,,,,,,,,Fibralongavirus,1
,,,,,,,,,,Franklinbayvirus,1
,,,,,,,,,,Gillianvirus,1
,,,,,,,,,,Godonkavirus,1
,,,,,,,,,,Goodmanvirus,1
,,,,,,,,,,Hiyaavirus,1
,,,,,,,,,,Jacevirus,1
,,,,,,,,,,Juiceboxvirus,1
,,,,,,,,,,Krampusvirus,1
,,,,,,,,,,Lanavirus,1
,,,,,,,,,,Lentavirus,1
,,,,,,,,,,Luckybarnesvirus,1
,,,,,,,,,,Luckytenvirus,1
,,,,,,,,,,Lughvirus,1
,,,,,,,,,,Majavirus,1
,,,,,,,,,,Maxrubnervirus,1
,,,,,,,,,,Mementomorivirus,1
,,,,,,,,,,Metamorphoovirus,1
,,,,,,,,,,Murrayvirus,1
,,,,,,,,,,Neferthenavirus,1
,,,,,,,,,,Oengusvirus,1
,,,,,,,,,,Raleighvirus,1
,,,,,,,,,,Rogerhendrixvirus,1
,,,,,,,,,,Ronaldovirus,1
,,,,,,,,,,Rowavirus,1
,,,,,,,,,,Ruthyvirus,1
,,,,,,,,,,Samwavirus,1
,,,,,,,,,,Sansavirus,1
,,,,,,,,,,Sashavirus,1
,,,,,,,,,,Schnabeltiervirus,1
,,,,,,,,,,Schubertvirus,1
,,,,,,,,,,Seussvirus,1
,,,,,,,,,,Sonalivirus,1
,,,,,,,,,,Squashvirus,1
,,,,,,,,,,Terapinvirus,1
,,,,,,,,,,Trinevirus,1
,,,,,,,,,,Vashvirus,1
,,,,,,,,,,Zetavirus,1
,,,,,,,,,,Lautamovirales,1
,,,,,,,,,,Lederbergvirus,1
,,,,,,,,,,Ryyoungvirus,1
,,,,,,,,,,Hollowayvirus,1
,,,,,,,,,,Moturavirus,1
,,,,,,,,,,Kamchatkavirus,1
,,,,,,,,,,Plateaulakevirus,1
,,,,,,,,,,Lahexavirus,1
,,,,,,,,,,Myoalterovirus,1
,,,,,,,,,,Kozyakovvirus,1
,,,,,,,,,,Tandoganvirus,1
,,,,,,,,,,Ayohtrevirus,1
,,,,,,,,,,Anjalivirus,1
,,,,,,,,,,Kuleanavirus,1
,,,,,,,,,,Mufasoctovirus,1
,,,,,,,,,,Laroyevirus,1
,,,,,,,,,,Triplejayvirus,1
,,,,,,,,,,Vibakivirus,1
,,,,,,,,,,Elmenteitavirus,1
,,,,,,,,,,Jarrellvirus,1
,,,,,,,,,,Becedseptimavirus,1
,,,,,,,,,,Beceayunavirus,1
,,,,,,,,,,Camtrevirus,1
,,,,,,,,,,Deurplevirus,1
,,,,,,,,,,Pemunavirus,1
,,,,,,,,,,Hubeivirus,1
,,,,,,,,,,Waukeshavirus,1
,,,,,,,,,,Spizizenvirus,1
,,,,,,,,,,Rockvillevirus,1
,,,,,,,,,,Badaztecvirus,1
,,,,,,,,,,Agmunavirus,1
,,,,,,,,,,Sarumanvirus,1
,,,,,,,,,,Chimpavirus,1
,,,,,,,,,,Yongloolinvirus,1
,,,,,,,,,,Colneyvirus,1
,,,,,,,,,,Leicestervirus,1
,,,,,,,,,,Sherbrookevirus,1
,,,,,,,,,,Grimontviridae,1
,,,,,,,,,,Marienburgvirus,1
,,,,,,,,,,Aguilavirus,1
,,,,,,,,,,Pankowvirus,1
,,,,,,,,,,Jouyvirus,1
,,,,,,,,,,Alegriavirus,1
,,,,,,,,,,Nesevirus,1
,,,,,,,,,,Bievrevirus,1
,,,,,,,,,,Sawaravirus,1
,,,,,,,,,,Radostvirus,1
,,,,,,,,,,Muminvirus,1
,,,,,,,,,,Hattifnattvirus,1
,,,,,,,,,,Lillamyvirus,1
,,,,,,,,,,Tantvirus,1
,,,,,,,,,,Latrobevirus,1
,,,,,,,,,,Lambovirus,1
,,,,,,,,,,Marfavirus,1
,,,,,,,,,,Lastavirus,1
,,,,,,,,,,Ashduovirus,1
,,,,,,,,,,Behunavirus,1
,,,,,,,,,,Colunavirus,1
,,,,,,,,,,Junavirus,1
,,,,,,,,,,Lafunavirus,1
,,,,,,,,,,Lacnuvirus,1
,,,,,,,,,,Larmunavirus,1
,,,,,,,,,,Pleeduovirus,1
,,,,,,,,,,Sukhumvitvirus,1
,,,,,,,,,,Iaduovirus,1
,,,,,,,,,,Pleetrevirus,1
,,,,,,,,,,Fattrevirus,1
,,,,,,,,,,Whiteheadvirus,1
,,,,,,,,,,Fremauxvirus,1
,,,,,,,,,,Audreyjarvisvirus,1
,,,,,,,,,,Sandinevirus,1
,,,,,,,,,,Vedamuthuvirus,1
,,,,,,,,,,Chertseyvirus,1
,,,,,,,,,,Teubervirus,1
,,,,,,,,,,Nevevirus,1
,,,,,,,,,,Uwajimavirus,1
,,,,,,,,,,Questintvirus,1
,,,,,,,,,,Saintgironsvirus,1
,,,,,,,,,,Nylescharonvirus,1
,,,,,,,,,,Seongbukvirus,1
,,,,,,,,,,Meihzavirus,1
,,,,,,,,,,Burrovirus,1
,,,,,,,,,,Cukevirus,1
,,,,,,,,,,Hnatkovirus,1
,,,,,,,,,,Fowlmouthvirus,1
,,,,,,,,,,Indlulamithivirus,1
,,,,,,,,,,Sparkyvirus,1
,,,,,,,,,,Nicedsevirus,1
,,,,,,,,,,Ravarandavirus,1
,,,,,,,,,,Sozzivirus,1
,,,,,,,,,,Fernvirus,1
,,,,,,,,,,Kylevirus,1
,,,,,,,,,,Lietduovirus,1
,,,,,,,,,,Shandongvirus,1
,,,,,,,,,,Knuthellervirus,1
,,,,,,,,,,Bakolyvirus,1
,,,,,,,,,,Cimandefvirus,1
,,,,,,,,,,Gervaisevirus,1
,,,,,,,,,,Firingavirus,1
,,,,,,,,,,Rahariannevirus,1
,,,,,,,,,,Sleepyheadvirus,1
,,,,,,,,,,Whackvirus,1
,,,,,,,,,,Astrithrvirus,1
,,,,,,,,,,Sculuvirus,1
,,,,,,,,,,Moabitevirus,1
,,,,,,,,,,Myosmarvirus,1
,,,,,,,,,,Muldoonvirus,1
,,,,,,,,,,Parlovirus,1
,,,,,,,,,,Skrubnovirus,1
,,,,,,,,,,Coventryvirus,1
,,,,,,,,,,Menderavirus,1
,,,,,,,,,,Borockvirus,1
,,,,,,,,,,Shirahamavirus,1
,,,,,,,,,,Kungbxnavirus,1
,,,,,,,,,,Tetipavirus,1
,,,,,,,,,,Winunavirus,1
,,,,,,,,,,Dibbivirus,1
,,,,,,,,,,Alachuavirus,1
,,,,,,,,,,Dinavirus,1
,,,,,,,,,,Swiduovirus,1
,,,,,,,,,,Akiravirus,1
,,,,,,,,,,Anthonyvirus,1
,,,,,,,,,,Archimedesvirus,1
,,,,,,,,,,Benedictvirus,1
,,,,,,,,,,Bippervirus,1
,,,,,,,,,,Buchananvirus,1
,,,,,,,,,,Pervagoviridae,1
,,,,,,,,,,Caminolopintovirus,1
,,,,,,,,,,Cedarrivervirus,1
,,,,,,,,,,Madisaviridae,1
,,,,,,,,,,Clownvirus,1
,,,,,,,,,,Coatlandelriovirus,1
,,,,,,,,,,Deseoctovirus,1
,,,,,,,,,,Dexdertvirus,1
,,,,,,,,,,Eagleeyevirus,1
,,,,,,,,,,Elemovirus,1
,,,,,,,,,,Finchvirus,1
,,,,,,,,,,Foxquatrovirus,1
,,,,,,,,,,Foxunavirus,1
,,,,,,,,,,Forsetiviridae,1
,,,,,,,,,,Gladiatorvirus,1
,,,,,,,,,,Hadakavirus,1
,,,,,,,,,,Aggregaviridae,1
,,,,,,,,,,Immutovirus,1
,,,,,,,,,,Kimonavirus,1
,,,,,,,,,,Korravirus,1
,,,,,,,,,,Kroosvirus,1
,,,,,,,,,,Kunmingvirus,1
,,,,,,,,,,Helgolandviridae,1
,,,,,,,,,,Lilbeanievirus,1
,,,,,,,,,,Luchadorvirus,1
,,,,,,,,,,Macdonaldcampvirus,1
,,,,,,,,,,Manovirus,1
,,,,,,,,,,Micavirus,1
,,,,,,,,,,Molycolviridae,1
,,,,,,,,,,Mycoabscvirus,1
,,,,,,,,,,Myradeevirus,1
,,,,,,,,,,Naomviridae,1
,,,,,,,,,,Pharaohvirus,1
,,,,,,,,,,Phleivirus,1
,,,,,,,,,,Phrappuccinovirus,1
,,,,,,,,,,Suolaviridae,1
,,,,,,,,,,Puppervirus,1
,,,,,,,,,,Refugevirus,1
,,,,,,,,,,Rosariovirus,1
,,,,,,,,,,Sagamiharavirus,1
,,,,,,,,,,Saltrevirus,1
,,,,,,,,,,Santafevirus,1
,,,,,,,,,,Segzyvirus,1
,,,,,,,,,,Sheenvirus,1
,,,,,,,,,,Shuimuvirus,1
,,,,,,,,,,Skatevirus,1
,,,,,,,,,,Skogvirus,1
,,,,,,,,,,Stormageddonvirus,1
,,,,,,,,,,Timshelvirus,1
,,,,,,,,,,Typhavirus,1
,,,,,,,,,,Veracruzvirus,1
,,,,,,,,,,Yeceytrevirus,1
,,,,,,,,,,Zitchvirus,1
,,,,,,,,,,Blosnavirus channae,1
,,,,,,,,,,Deltabaculovirus cunigripalpi,1
,,,,,,,,,,Entomobirnavirus drosophilae,1
,,,,,,,,,,Alphanudivirus grybimaculati,1
,,,,,,,,,,Avibirnavirus gumboroense,1
,,,,,,,,,,Gammabaculovirus nesertiferis,1
,,,,,,,,,,Alphabaculovirus orpseudotsugatae,1
,,,,,,,,,,Gammanudivirus pemonodonis,1
,,,,,,,,,,Telnavirus tellinae,1
,,,,,,,,,,Deltanudivirus tipoleraceae,1
,,,,,,,,,,Betabaculovirus xecnigri,1
,,,,,,,,,,Aquabirnavirus ascitae,1
,,,,,,,,,,Betanudivirus hezeae,1
,,,,,,,,,,Glossinavirus glopallidipedis,1
,,,,,,,,,,Pootjesviridae,1
,,,,,,,,,,Muscavirus musdomesticae,1
,,,,,,,,,,Atroposvirales,1
,,,,,,,,,,Skunavirus,1
,,,,,,,,,,Detrevirus,1
,,,,,,,,,,Ceduovirus,1
,,,,,,,,,,Lubbockvirus,1
,,,,,,,,,,Dybvigvirus,1
,,,,,,,,,,Fukuivirus,1
,,,,,,,,,,Wbetavirus,1
,,,,,,,,,,Delislevirus,1
,,,,,,,,,,Tigunavirus,1
,,,,,,,,,,Chopinvirus,1
,,,,,,,,,,Rockefellervirus,1
,,,,,,,,,,Wumpquatrovirus,1
,,,,,,,,,,Ravinvirus,1
,,,,,,,,,,Bcepfunavirus,1
,,,,,,,,,,Wumptrevirus,1
,,,,,,,,,,Oshimavirus,1
,,,,,,,,,,Cequinquevirus,1
,,,,,,,,,,Pukovnikvirus,1
,,,,,,,,,,Cecivirus,1
,,,,,,,,,,Chebruvirinae,1
,,,,,,,,,,Lwoffvirus,1
,,,,,,,,,,Dhillonvirus,1
,,,,,,,,,,Backyardiganvirus,1
,,,,,,,,,,Spbetavirus,1
,,,,,,,,,,Sendosyvirus,1
